User_Id,Location,Age,Age Group,Place_Id,Place_Ratings,Place_Name,Category,City,Price,Rating,Time_Minutes,travel_distance
25,"Lampung,Sumatera Selatan",40,31-40,328,4,Gua Pawon,Cagar Alam,Bandung,10000,4.5,90,337
25,"Lampung,Sumatera Selatan",40,31-40,172,4,Pantai Indrayanti,Bahari,Yogyakarta,10000,4.5,,700
25,"Lampung,Sumatera Selatan",40,31-40,52,3,Kampung Cina,Budaya,Jakarta,15000,4.5,,251
25,"Lampung,Sumatera Selatan",40,31-40,85,2,Taman Pintar Yogyakarta,Taman Hiburan,Yogyakarta,6000,4.5,120,656
25,"Lampung,Sumatera Selatan",40,31-40,337,5,Kampung Pelangi,Taman Hiburan,Semarang,3000,4.3,30,616
25,"Lampung,Sumatera Selatan",40,31-40,272,4,Taman Budaya Jawa Barat,Budaya,Bandung,0,4.3,120,355
25,"Lampung,Sumatera Selatan",40,31-40,14,5,Pulau Pelangi,Bahari,Jakarta,900000,4.8,,174
25,"Lampung,Sumatera Selatan",40,31-40,371,4,Wisata Eling Bening,Cagar Alam,Semarang,25000,4.3,90,631
25,"Lampung,Sumatera Selatan",40,31-40,53,2,Rumah Sipitung,Budaya,Jakarta,5000,4.5,90,243
25,"Lampung,Sumatera Selatan",40,31-40,377,4,La Kana Chapel,Taman Hiburan,Semarang,35000,4.5,,623
25,"Lampung,Sumatera Selatan",40,31-40,60,2,Museum Tekstil,Budaya,Jakarta,5000,4.5,45,239
25,"Lampung,Sumatera Selatan",40,31-40,299,3,Sendang Geulis Kahuripan,Cagar Alam,Bandung,10000,4.3,120,335
25,"Lampung,Sumatera Selatan",40,31-40,416,5,Keraton Surabaya,Budaya,Surabaya,0,4.4,,870
25,"Lampung,Sumatera Selatan",40,31-40,253,4,Selasar Sunaryo Art Space,Taman Hiburan,Bandung,25000,4.6,,355
25,"Lampung,Sumatera Selatan",40,31-40,250,5,Pesona Nirwana Waterpark & Cottages,Taman Hiburan,Bandung,50000,4.1,,362
25,"Lampung,Sumatera Selatan",40,31-40,89,3,De Mata Museum Jogja,Budaya,Yogyakarta,50000,4.4,,659
25,"Lampung,Sumatera Selatan",40,31-40,190,3,Pantai Samas,Bahari,Yogyakarta,4000,4.0,45,660
25,"Lampung,Sumatera Selatan",40,31-40,33,4,Taman Suropati,Taman Hiburan,Jakarta,0,4.6,,241
25,"Lampung,Sumatera Selatan",40,31-40,268,3,Sudut Pandang Bandung,Taman Hiburan,Bandung,50000,4.6,150,353
25,"Lampung,Sumatera Selatan",40,31-40,386,3,Air Terjun Semirang,Cagar Alam,Semarang,9000,4.4,,622
25,"Lampung,Sumatera Selatan",40,31-40,206,3,Wisata Kaliurang,Cagar Alam,Yogyakarta,8000,4.4,60,650
25,"Lampung,Sumatera Selatan",40,31-40,368,3,Kampoeng Rawa,Cagar Alam,Semarang,3000,4.5,,631
25,"Lampung,Sumatera Selatan",40,31-40,392,4,Ekowisata Mangrove Wonorejo,Cagar Alam,Surabaya,0,4.3,60,875
25,"Lampung,Sumatera Selatan",40,31-40,336,3,Grand Maerakaca,Taman Hiburan,Semarang,15000,4.4,,612
25,"Lampung,Sumatera Selatan",40,31-40,286,4,Roemah Seni Sarasvati,Budaya,Bandung,0,4.4,,358
25,"Lampung,Sumatera Selatan",40,31-40,88,5,Museum Benteng Vredeburg Yogyakarta,Budaya,Yogyakarta,3000,4.6,120,656
25,"Lampung,Sumatera Selatan",40,31-40,94,4,Sumur Gumuling,Taman Hiburan,Yogyakarta,7000,4.5,,656
25,"Lampung,Sumatera Selatan",40,31-40,406,5,Kebun Bibit Wonorejo,Cagar Alam,Surabaya,0,4.4,30,872
25,"Lampung,Sumatera Selatan",40,31-40,326,3,Taman Kupu-Kupu Cihanjuang,Cagar Alam,Bandung,10000,4.0,,350
25,"Lampung,Sumatera Selatan",40,31-40,352,2,GPIB Immanuel Semarang (Gereja Blenduk),Tempat Ibadah,Semarang,0,4.6,,617
25,"Lampung,Sumatera Selatan",40,31-40,116,3,Jurang Tembelan Kanigoro,Taman Hiburan,Yogyakarta,2500,4.5,45,671
25,"Lampung,Sumatera Selatan",40,31-40,423,3,Patung Sura dan Buaya,Budaya,Surabaya,0,4.6,30,866
25,"Lampung,Sumatera Selatan",40,31-40,183,3,Jogja Bay Pirates Adventure Waterpark,Taman Hiburan,Yogyakarta,150000,4.4,,658
276,"Lampung,Sumatera Selatan",39,31-40,314,4,Tafso Barn,Cagar Alam,Bandung,0,4.2,180,353
297,"Palembang,Sumatera Selatan",39,31-40,199,5,Pantai Sedahan,Bahari,Yogyakarta,5000,4.5,,877
276,"Lampung,Sumatera Selatan",39,31-40,315,3,Curug Luhur Waterfall,Cagar Alam,Bandung,5000,4.2,,358
276,"Lampung,Sumatera Selatan",39,31-40,365,2,Waduk Jatibarang,Cagar Alam,Semarang,2500,4.3,,612
276,"Lampung,Sumatera Selatan",39,31-40,309,1,Observatorium Bosscha,Cagar Alam,Bandung,25000,4.5,,351
276,"Lampung,Sumatera Selatan",39,31-40,100,5,Taman Budaya Yogyakarta,Budaya,Yogyakarta,0,4.5,210,656
297,"Palembang,Sumatera Selatan",39,31-40,297,5,Mountain View Golf Club,Cagar Alam,Bandung,375000,4.4,120,537
276,"Lampung,Sumatera Selatan",39,31-40,177,1,Pantai Parangtritis,Bahari,Yogyakarta,10000,4.5,,667
276,"Lampung,Sumatera Selatan",39,31-40,172,1,Pantai Indrayanti,Bahari,Yogyakarta,10000,4.5,,700
297,"Palembang,Sumatera Selatan",39,31-40,7,5,Kebun Binatang Ragunan,Cagar Alam,Jakarta,4000,4.5,,435
297,"Palembang,Sumatera Selatan",39,31-40,88,2,Museum Benteng Vredeburg Yogyakarta,Budaya,Yogyakarta,3000,4.6,120,819
276,"Lampung,Sumatera Selatan",39,31-40,397,1,Taman Kunang-Kunang,Taman Hiburan,Surabaya,0,4.4,45,872
276,"Lampung,Sumatera Selatan",39,31-40,122,4,Watu Goyang,Budaya,Yogyakarta,2500,4.4,45,668
297,"Palembang,Sumatera Selatan",39,31-40,56,4,Pantai Ancol,Bahari,Jakarta,25000,4.4,,418
297,"Palembang,Sumatera Selatan",39,31-40,23,1,Gereja Katedral,Tempat Ibadah,Jakarta,0,4.8,,422
297,"Palembang,Sumatera Selatan",39,31-40,234,4,Amazing Art World,Budaya,Bandung,75000,4.5,45,532
297,"Palembang,Sumatera Selatan",39,31-40,417,2,Klenteng Sanggar Agung,Budaya,Surabaya,10000,4.5,,1
276,"Lampung,Sumatera Selatan",39,31-40,46,3,Pulau Semak Daun,Bahari,Jakarta,40000,4.0,,183
297,"Palembang,Sumatera Selatan",39,31-40,429,4,House of Sampoerna,Budaya,Surabaya,0,4.6,30,1
297,"Palembang,Sumatera Selatan",39,31-40,287,4,Puspa Iptek Sundial,Taman Hiburan,Bandung,25000,4.4,,526
276,"Lampung,Sumatera Selatan",39,31-40,356,4,Saloka Theme Park,Taman Hiburan,Semarang,150000,4.4,180,636
276,"Lampung,Sumatera Selatan",39,31-40,45,2,Jakarta Aquarium dan Safari,Taman Hiburan,Jakarta,185000,4.6,,236
297,"Palembang,Sumatera Selatan",39,31-40,386,5,Air Terjun Semirang,Cagar Alam,Semarang,9000,4.4,,776
276,"Lampung,Sumatera Selatan",39,31-40,362,4,Danau Rawa Pening,Cagar Alam,Semarang,15000,4.4,,633
276,"Lampung,Sumatera Selatan",39,31-40,151,2,Desa Wisata Kelor,Taman Hiburan,Yogyakarta,0,4.4,90,646
276,"Lampung,Sumatera Selatan",39,31-40,112,2,Bukit Bintang Yogyakarta,Taman Hiburan,Yogyakarta,25000,4.5,90,669
297,"Palembang,Sumatera Selatan",39,31-40,241,4,Lawangwangi Creative Space,Taman Hiburan,Bandung,0,4.4,120,534
297,"Palembang,Sumatera Selatan",39,31-40,437,4,Gereja Perawan Maria Tak Berdosa Surabaya,Tempat Ibadah,Surabaya,10000,4.8,,1
297,"Palembang,Sumatera Selatan",39,31-40,15,1,Pasar Seni,Pusat Perbelanjaan,Jakarta,0,4.4,90,423
297,"Palembang,Sumatera Selatan",39,31-40,41,1,Museum Bahari Jakarta,Budaya,Jakarta,2000,4.4,120,417
276,"Lampung,Sumatera Selatan",39,31-40,251,1,Taman Lansia,Taman Hiburan,Bandung,0,4.4,,358
276,"Lampung,Sumatera Selatan",39,31-40,176,2,Museum Gunung Merapi,Budaya,Yogyakarta,10000,4.4,60,651
276,"Lampung,Sumatera Selatan",39,31-40,202,1,Pantai Ngandong,Bahari,Yogyakarta,10000,4.5,,699
276,"Lampung,Sumatera Selatan",39,31-40,252,5,Kampoeng Tulip,Taman Hiburan,Bandung,15000,3.8,60,366
297,"Palembang,Sumatera Selatan",39,31-40,187,2,Pantai Siung,Bahari,Yogyakarta,10000,4.6,,873
276,"Lampung,Sumatera Selatan",39,31-40,58,2,Taman Ayodya,Taman Hiburan,Jakarta,0,4.4,45,242
297,"Palembang,Sumatera Selatan",39,31-40,430,5,Atlantis Land Surabaya,Taman Hiburan,Surabaya,125000,4.4,120,1
297,"Palembang,Sumatera Selatan",39,31-40,105,4,Candi Donotirto,Budaya,Yogyakarta,0,4.4,25,818
276,"Lampung,Sumatera Selatan",39,31-40,381,5,Tugu Muda Semarang,Budaya,Semarang,0,4.7,,616
276,"Lampung,Sumatera Selatan",39,31-40,305,3,Sunrise Point Cukul,Cagar Alam,Bandung,10000,4.6,,379
276,"Lampung,Sumatera Selatan",39,31-40,42,3,Museum Seni Rupa dan Kramik,Budaya,Jakarta,5000,4.4,,234
297,"Palembang,Sumatera Selatan",39,31-40,418,5,Museum Sepuluh Nopember Kota Surabaya,Budaya,Surabaya,5000,4.7,,1
276,"Lampung,Sumatera Selatan",39,31-40,89,2,De Mata Museum Jogja,Budaya,Yogyakarta,50000,4.4,,659
276,"Lampung,Sumatera Selatan",39,31-40,132,1,Air Terjun Kedung Pedut,Cagar Alam,Yogyakarta,20000,4.5,60,632
297,"Palembang,Sumatera Selatan",39,31-40,332,1,Rainbow Garden,Cagar Alam,Bandung,20000,4.6,90,531
276,"Lampung,Sumatera Selatan",39,31-40,234,1,Amazing Art World,Budaya,Bandung,75000,4.5,45,352
276,"Lampung,Sumatera Selatan",39,31-40,223,2,Masjid Raya Bandung,Tempat Ibadah,Bandung,0,4.7,,358
297,"Palembang,Sumatera Selatan",39,31-40,217,4,Kebun Binatang Bandung,Cagar Alam,Bandung,20000,4.0,180,536
297,"Palembang,Sumatera Selatan",39,31-40,38,3,Istana Negara Republik Indonesia,Budaya,Jakarta,0,4.6,,421
276,"Lampung,Sumatera Selatan",39,31-40,333,2,Kota Mini,Taman Hiburan,Bandung,20000,4.4,,351
276,"Lampung,Sumatera Selatan",39,31-40,145,2,Desa Wisata Rumah Domes/Teletubbies,Taman Hiburan,Yogyakarta,5000,4.1,60,670
297,"Palembang,Sumatera Selatan",39,31-40,77,4,Taman Hutan Tebet,Taman Hiburan,Jakarta,0,4.4,60,430
297,"Palembang,Sumatera Selatan",39,31-40,170,4,Candi Borobudur,Budaya,Yogyakarta,50000,4.7,120,791
297,"Palembang,Sumatera Selatan",39,31-40,384,2,Kampung Tematik Jawi,Budaya,Semarang,0,4.5,90,767
297,"Palembang,Sumatera Selatan",39,31-40,234,3,Amazing Art World,Budaya,Bandung,75000,4.5,45,532
276,"Lampung,Sumatera Selatan",39,31-40,47,2,Taman Situ Lembang,Taman Hiburan,Jakarta,0,4.5,,241
276,"Lampung,Sumatera Selatan",39,31-40,174,1,Pasar Beringharjo,Pusat Perbelanjaan,Yogyakarta,0,4.5,60,656
276,"Lampung,Sumatera Selatan",39,31-40,110,3,Monumen Serangan Umum 1 Maret,Taman Hiburan,Yogyakarta,3000,4.6,,656
297,"Palembang,Sumatera Selatan",39,31-40,209,3,Pantai Sanglen,Bahari,Yogyakarta,10000,4.5,,861
276,"Lampung,Sumatera Selatan",39,31-40,85,1,Taman Pintar Yogyakarta,Taman Hiburan,Yogyakarta,6000,4.5,120,656
276,"Lampung,Sumatera Selatan",39,31-40,310,2,Taman Bunga Cihideung,Cagar Alam,Bandung,0,4.1,45,347
297,"Palembang,Sumatera Selatan",39,31-40,107,3,Bangsal Pagelaran,Budaya,Yogyakarta,5000,4.6,,819
276,"Lampung,Sumatera Selatan",39,31-40,4,1,Taman Mini Indonesia Indah (TMII),Taman Hiburan,Jakarta,10000,4.5,,254
276,"Lampung,Sumatera Selatan",39,31-40,94,5,Sumur Gumuling,Taman Hiburan,Yogyakarta,7000,4.5,,656
276,"Lampung,Sumatera Selatan",39,31-40,29,4,Wisata Kuliner Pecenongan,Pusat Perbelanjaan,Jakarta,0,5.0,,238
276,"Lampung,Sumatera Selatan",39,31-40,39,5,Museum Macan (Modern and Contemporary Art in Nusantara),Budaya,Jakarta,100000,4.5,120,236
297,"Palembang,Sumatera Selatan",39,31-40,424,2,Pantai Ria Kenjeran,Bahari,Surabaya,15000,4.2,45,1
276,"Lampung,Sumatera Selatan",39,31-40,223,4,Masjid Raya Bandung,Tempat Ibadah,Bandung,0,4.7,,358
276,"Lampung,Sumatera Selatan",39,31-40,202,5,Pantai Ngandong,Bahari,Yogyakarta,10000,4.5,,699
276,"Lampung,Sumatera Selatan",39,31-40,370,2,Benteng Pendem,Budaya,Semarang,5000,4.2,60,630
297,"Palembang,Sumatera Selatan",39,31-40,401,5,Taman Keputran,Taman Hiburan,Surabaya,0,4.3,,1
297,"Palembang,Sumatera Selatan",39,31-40,418,2,Museum Sepuluh Nopember Kota Surabaya,Budaya,Surabaya,5000,4.7,,1
276,"Lampung,Sumatera Selatan",39,31-40,164,1,Pintoe Langit Dahromo,Cagar Alam,Yogyakarta,2500,4.4,60,670
297,"Palembang,Sumatera Selatan",39,31-40,191,4,Pantai Drini,Bahari,Yogyakarta,10000,4.5,,861
276,"Lampung,Sumatera Selatan",39,31-40,148,1,Goa Rancang Kencono,Cagar Alam,Yogyakarta,5000,4.3,30,677
276,"Lampung,Sumatera Selatan",39,31-40,366,2,Tirto Argo Siwarak,Taman Hiburan,Semarang,20000,4.4,150,621
276,"Lampung,Sumatera Selatan",39,31-40,59,5,Museum Sumpah Pemuda,Budaya,Jakarta,2000,4.7,,241
297,"Palembang,Sumatera Selatan",39,31-40,95,3,Desa Wisata Sungai Code Jogja Kota,Taman Hiburan,Yogyakarta,0,5.0,,821
297,"Palembang,Sumatera Selatan",39,31-40,299,1,Sendang Geulis Kahuripan,Cagar Alam,Bandung,10000,4.3,120,515
297,"Palembang,Sumatera Selatan",39,31-40,392,1,Ekowisata Mangrove Wonorejo,Cagar Alam,Surabaya,0,4.3,60,1
297,"Palembang,Sumatera Selatan",39,31-40,54,3,Taman Agrowisata Cilangkap,Taman Hiburan,Jakarta,0,4.2,,442
276,"Lampung,Sumatera Selatan",39,31-40,204,3,Desa Wisata Pulesari,Taman Hiburan,Yogyakarta,0,4.4,,646
276,"Lampung,Sumatera Selatan",39,31-40,273,4,Curug Bugbrug,Cagar Alam,Bandung,7500,4.3,120,345
276,"Lampung,Sumatera Selatan",39,31-40,116,1,Jurang Tembelan Kanigoro,Taman Hiburan,Yogyakarta,2500,4.5,45,671
276,"Lampung,Sumatera Selatan",39,31-40,235,4,Gua Belanda,Cagar Alam,Bandung,15000,4.4,45,355
276,"Lampung,Sumatera Selatan",39,31-40,239,1,Lembang Park & Zoo,Cagar Alam,Bandung,50000,4.5,210,348
26,"Palembang,Sumatera Selatan",38,31-40,125,5,Alun-alun Utara Keraton Yogyakarta,Budaya,Yogyakarta,0,4.6,60,819
26,"Palembang,Sumatera Selatan",38,31-40,251,5,Taman Lansia,Taman Hiburan,Bandung,0,4.4,,538
26,"Palembang,Sumatera Selatan",38,31-40,239,3,Lembang Park & Zoo,Cagar Alam,Bandung,50000,4.5,210,528
26,"Palembang,Sumatera Selatan",38,31-40,323,5,Kebun Tanaman Obat Sari Alam,Cagar Alam,Bandung,0,4.9,90,453
26,"Palembang,Sumatera Selatan",38,31-40,167,5,Geoforest Watu Payung Turunan,Cagar Alam,Yogyakarta,0,4.5,60,837
26,"Palembang,Sumatera Selatan",38,31-40,49,3,Galeri Indonesia Kaya,Budaya,Jakarta,0,4.8,90,424
26,"Palembang,Sumatera Selatan",38,31-40,160,4,Pasar Kebon Empring Bintaran,Pusat Perbelanjaan,Yogyakarta,0,4.4,,829
26,"Palembang,Sumatera Selatan",38,31-40,422,3,Monumen Jalesveva Jayamahe,Budaya,Surabaya,0,4.6,15,999
26,"Palembang,Sumatera Selatan",38,31-40,4,3,Taman Mini Indonesia Indah (TMII),Taman Hiburan,Jakarta,10000,4.5,,438
26,"Palembang,Sumatera Selatan",38,31-40,83,5,Alive Museum Ancol,Taman Hiburan,Jakarta,200000,4.3,,419
26,"Palembang,Sumatera Selatan",38,31-40,173,4,Pantai Nglambor,Bahari,Yogyakarta,10000,4.4,,873
26,"Palembang,Sumatera Selatan",38,31-40,319,5,Kawah Rengganis Cibuni,Cagar Alam,Bandung,5000,4.3,,548
26,"Palembang,Sumatera Selatan",38,31-40,297,3,Mountain View Golf Club,Cagar Alam,Bandung,375000,4.4,120,537
26,"Palembang,Sumatera Selatan",38,31-40,421,5,Museum Kesehatan Dr. Adhyatma,Budaya,Surabaya,10000,4.4,,1
26,"Palembang,Sumatera Selatan",38,31-40,14,5,Pulau Pelangi,Bahari,Jakarta,900000,4.8,,353
26,"Palembang,Sumatera Selatan",38,31-40,162,2,Kampung Wisata Dipowinatan,Budaya,Yogyakarta,220000,4.5,,820
26,"Palembang,Sumatera Selatan",38,31-40,93,3,Gembira Loka Zoo,Cagar Alam,Yogyakarta,60000,4.5,,822
26,"Palembang,Sumatera Selatan",38,31-40,275,5,Curug Cipanas,Cagar Alam,Bandung,20000,3.9,180,527
26,"Palembang,Sumatera Selatan",38,31-40,300,4,Sanghyang Heuleut,Cagar Alam,Bandung,10000,4.4,,519
26,"Palembang,Sumatera Selatan",38,31-40,260,5,Museum Pos Indonesia,Budaya,Bandung,0,4.5,,538
26,"Palembang,Sumatera Selatan",38,31-40,406,5,Kebun Bibit Wonorejo,Cagar Alam,Surabaya,0,4.4,30,1
26,"Palembang,Sumatera Selatan",38,31-40,15,2,Pasar Seni,Pusat Perbelanjaan,Jakarta,0,4.4,90,423
26,"Palembang,Sumatera Selatan",38,31-40,148,5,Goa Rancang Kencono,Cagar Alam,Yogyakarta,5000,4.3,30,840
26,"Palembang,Sumatera Selatan",38,31-40,250,4,Pesona Nirwana Waterpark & Cottages,Taman Hiburan,Bandung,50000,4.1,,545
26,"Palembang,Sumatera Selatan",38,31-40,369,3,Monumen Palagan Ambarawa,Budaya,Semarang,7500,4.4,20,784
26,"Palembang,Sumatera Selatan",38,31-40,356,3,Saloka Theme Park,Taman Hiburan,Semarang,150000,4.4,180,791
26,"Palembang,Sumatera Selatan",38,31-40,15,2,Pasar Seni,Pusat Perbelanjaan,Jakarta,0,4.4,90,423
26,"Palembang,Sumatera Selatan",38,31-40,211,2,GunungTangkuban perahu,Cagar Alam,Bandung,30000,4.5,,525
26,"Palembang,Sumatera Selatan",38,31-40,137,3,Wisata Alam Kalibiru,Cagar Alam,Yogyakarta,20000,4.4,90,800
26,"Palembang,Sumatera Selatan",38,31-40,246,3,Curug Tilu Leuwi Opat,Cagar Alam,Bandung,10000,4.4,120,526
26,"Palembang,Sumatera Selatan",38,31-40,203,3,Galaxy Waterpark Jogja,Taman Hiburan,Yogyakarta,40000,4.3,,824
26,"Palembang,Sumatera Selatan",38,31-40,53,5,Rumah Sipitung,Budaya,Jakarta,5000,4.5,90,423
26,"Palembang,Sumatera Selatan",38,31-40,208,4,Taman Sungai Mudal,Cagar Alam,Yogyakarta,10000,4.6,150,795
26,"Palembang,Sumatera Selatan",38,31-40,36,5,Skyrink - Mall Taman Anggrek,Taman Hiburan,Jakarta,110000,4.5,180,420
26,"Palembang,Sumatera Selatan",38,31-40,280,3,Gereja Tiberias Indonesia Bandung,Tempat Ibadah,Bandung,0,4.9,,542
151,"Lampung,Sumatera Selatan",36,31-40,213,3,Gedung Sate,Budaya,Bandung,5000,4.6,,358
151,"Lampung,Sumatera Selatan",36,31-40,238,3,Gunung Manglayang,Cagar Alam,Bandung,7500,4.5,,365
151,"Lampung,Sumatera Selatan",36,31-40,178,5,Goa Pindul,Cagar Alam,Yogyakarta,40000,4.5,,691
151,"Lampung,Sumatera Selatan",36,31-40,259,3,Monumen Perjuangan Rakyat Jawa Barat,Budaya,Bandung,0,4.5,45,357
151,"Lampung,Sumatera Selatan",36,31-40,96,4,Alun Alun Selatan Yogyakarta,Taman Hiburan,Yogyakarta,0,4.6,60,656
151,"Lampung,Sumatera Selatan",36,31-40,14,5,Pulau Pelangi,Bahari,Jakarta,900000,4.8,,174
151,"Lampung,Sumatera Selatan",36,31-40,392,2,Ekowisata Mangrove Wonorejo,Cagar Alam,Surabaya,0,4.3,60,875
151,"Lampung,Sumatera Selatan",36,31-40,332,3,Rainbow Garden,Cagar Alam,Bandung,20000,4.6,90,351
151,"Lampung,Sumatera Selatan",36,31-40,180,5,Pantai Depok Jogja,Bahari,Yogyakarta,10000,4.3,,663
151,"Lampung,Sumatera Selatan",36,31-40,381,4,Tugu Muda Semarang,Budaya,Semarang,0,4.7,,616
151,"Lampung,Sumatera Selatan",36,31-40,227,5,Alun-Alun Kota Bandung,Taman Hiburan,Bandung,0,4.6,60,358
151,"Lampung,Sumatera Selatan",36,31-40,179,2,Candi Ratu Boko,Budaya,Yogyakarta,75000,4.6,90,666
151,"Lampung,Sumatera Selatan",36,31-40,105,4,Candi Donotirto,Budaya,Yogyakarta,0,4.4,25,655
151,"Lampung,Sumatera Selatan",36,31-40,217,5,Kebun Binatang Bandung,Cagar Alam,Bandung,20000,4.0,180,356
151,"Lampung,Sumatera Selatan",36,31-40,397,4,Taman Kunang-Kunang,Taman Hiburan,Surabaya,0,4.4,45,872
151,"Lampung,Sumatera Selatan",36,31-40,362,5,Danau Rawa Pening,Cagar Alam,Semarang,15000,4.4,,633
151,"Lampung,Sumatera Selatan",36,31-40,387,3,Obyek Wisata Goa Kreo,Cagar Alam,Semarang,5500,4.3,60,612
151,"Lampung,Sumatera Selatan",36,31-40,129,1,Bukit Lintang Sewu,Taman Hiburan,Yogyakarta,2000,4.5,60,670
151,"Lampung,Sumatera Selatan",36,31-40,121,1,Candi Prambanan,Budaya,Yogyakarta,50000,4.7,,665
151,"Lampung,Sumatera Selatan",36,31-40,80,1,Plaza Indonesia,Pusat Perbelanjaan,Jakarta,0,4.7,120,240
151,"Lampung,Sumatera Selatan",36,31-40,19,1,Kidzania,Taman Hiburan,Jakarta,185000,4.6,300,242
151,"Lampung,Sumatera Selatan",36,31-40,358,5,Masjid Kapal Semarang,Tempat Ibadah,Semarang,0,4.1,,606
275,"Lampung,Sumatera Selatan",34,31-40,259,1,Monumen Perjuangan Rakyat Jawa Barat,Budaya,Bandung,0,4.5,45,357
275,"Lampung,Sumatera Selatan",34,31-40,341,1,Hutan Wisata Tinjomoyo Semarang,Cagar Alam,Semarang,3000,4.3,,617
172,"Palembang,Sumatera Selatan",34,31-40,210,3,Pantai Congot,Bahari,Yogyakarta,3000,4.3,,801
172,"Palembang,Sumatera Selatan",34,31-40,388,3,Watu Gunung Ungaran,Cagar Alam,Semarang,25000,4.4,,774
275,"Lampung,Sumatera Selatan",34,31-40,379,3,Goa Rong,Cagar Alam,Semarang,5000,4.3,,636
172,"Palembang,Sumatera Selatan",34,31-40,148,2,Goa Rancang Kencono,Cagar Alam,Yogyakarta,5000,4.3,30,840
172,"Palembang,Sumatera Selatan",34,31-40,129,4,Bukit Lintang Sewu,Taman Hiburan,Yogyakarta,2000,4.5,60,833
172,"Palembang,Sumatera Selatan",34,31-40,166,5,Kebun Teh Nglinggo,Cagar Alam,Yogyakarta,6000,4.5,,789
172,"Palembang,Sumatera Selatan",34,31-40,133,3,Puncak Kebun Buah Mangunan,Taman Hiburan,Yogyakarta,5000,4.6,90,834
172,"Palembang,Sumatera Selatan",34,31-40,183,4,Jogja Bay Pirates Adventure Waterpark,Taman Hiburan,Yogyakarta,150000,4.4,,820
172,"Palembang,Sumatera Selatan",34,31-40,93,2,Gembira Loka Zoo,Cagar Alam,Yogyakarta,60000,4.5,,822
172,"Palembang,Sumatera Selatan",34,31-40,39,3,Museum Macan (Modern and Contemporary Art in Nusantara),Budaya,Jakarta,100000,4.5,120,420
275,"Lampung,Sumatera Selatan",34,31-40,287,5,Puspa Iptek Sundial,Taman Hiburan,Bandung,25000,4.4,,344
275,"Lampung,Sumatera Selatan",34,31-40,83,2,Alive Museum Ancol,Taman Hiburan,Jakarta,200000,4.3,,236
275,"Lampung,Sumatera Selatan",34,31-40,366,1,Tirto Argo Siwarak,Taman Hiburan,Semarang,20000,4.4,150,621
275,"Lampung,Sumatera Selatan",34,31-40,185,2,Pantai Krakal,Bahari,Yogyakarta,10000,4.5,,699
275,"Lampung,Sumatera Selatan",34,31-40,101,2,Kampung Wisata Sosro Menduran,Budaya,Yogyakarta,0,4.0,,655
172,"Palembang,Sumatera Selatan",34,31-40,148,4,Goa Rancang Kencono,Cagar Alam,Yogyakarta,5000,4.3,30,840
275,"Lampung,Sumatera Selatan",34,31-40,83,5,Alive Museum Ancol,Taman Hiburan,Jakarta,200000,4.3,,236
275,"Lampung,Sumatera Selatan",34,31-40,337,2,Kampung Pelangi,Taman Hiburan,Semarang,3000,4.3,30,616
172,"Palembang,Sumatera Selatan",34,31-40,374,2,Hutan Pinus Kayon,Cagar Alam,Semarang,6000,4.4,,798
172,"Palembang,Sumatera Selatan",34,31-40,22,3,Masjid Istiqlal,Tempat Ibadah,Jakarta,0,4.7,,422
275,"Lampung,Sumatera Selatan",34,31-40,364,2,Water Blaster Bukit Candi Golf,Taman Hiburan,Semarang,80000,4.2,60,620
172,"Palembang,Sumatera Selatan",34,31-40,325,5,Saung Angklung Mang Udjo,Budaya,Bandung,75000,4.7,,540
275,"Lampung,Sumatera Selatan",34,31-40,114,1,The Lost World Castle,Taman Hiburan,Yogyakarta,30000,4.3,,652
172,"Palembang,Sumatera Selatan",34,31-40,262,4,Wot Batu,Cagar Alam,Bandung,50000,4.7,,536
172,"Palembang,Sumatera Selatan",34,31-40,182,5,Hutan Mangrove Kulon Progo,Bahari,Yogyakarta,5000,4.1,120,797
172,"Palembang,Sumatera Selatan",34,31-40,30,2,Taman Menteng,Taman Hiburan,Jakarta,0,4.5,,424
275,"Lampung,Sumatera Selatan",34,31-40,62,3,Taman Legenda Keong Emas,Taman Hiburan,Jakarta,30000,4.5,,254
172,"Palembang,Sumatera Selatan",34,31-40,181,2,Pantai Sundak,Bahari,Yogyakarta,5000,4.5,,864
275,"Lampung,Sumatera Selatan",34,31-40,57,1,Taman Lapangan Banteng,Taman Hiburan,Jakarta,0,4.7,,239
275,"Lampung,Sumatera Selatan",34,31-40,71,3,Cibubur Garden Diary (Cibugary),Cagar Alam,Jakarta,50000,4.5,,261
172,"Palembang,Sumatera Selatan",34,31-40,142,2,Ledok Sambi,Cagar Alam,Yogyakarta,0,4.6,150,813
275,"Lampung,Sumatera Selatan",34,31-40,408,4,Kebun Binatang Surabaya,Cagar Alam,Surabaya,15000,4.3,180,866
275,"Lampung,Sumatera Selatan",34,31-40,383,1,Taman Tabanas,Taman Hiburan,Semarang,0,4.4,60,619
172,"Palembang,Sumatera Selatan",34,31-40,406,3,Kebun Bibit Wonorejo,Cagar Alam,Surabaya,0,4.4,30,1
172,"Palembang,Sumatera Selatan",34,31-40,29,2,Wisata Kuliner Pecenongan,Pusat Perbelanjaan,Jakarta,0,5.0,,421
275,"Lampung,Sumatera Selatan",34,31-40,342,1,Taman Kasmaran,Taman Hiburan,Semarang,3000,4.5,90,616
172,"Palembang,Sumatera Selatan",34,31-40,245,3,Jendela Alam,Taman Hiburan,Bandung,20000,4.4,150,529
275,"Lampung,Sumatera Selatan",34,31-40,323,4,Kebun Tanaman Obat Sari Alam,Cagar Alam,Bandung,0,4.9,90,265
275,"Lampung,Sumatera Selatan",34,31-40,94,1,Sumur Gumuling,Taman Hiburan,Yogyakarta,7000,4.5,,656
172,"Palembang,Sumatera Selatan",34,31-40,180,3,Pantai Depok Jogja,Bahari,Yogyakarta,10000,4.3,,828
172,"Palembang,Sumatera Selatan",34,31-40,49,2,Galeri Indonesia Kaya,Budaya,Jakarta,0,4.8,90,424
172,"Palembang,Sumatera Selatan",34,31-40,175,1,Museum Ullen Sentalu,Budaya,Yogyakarta,100000,4.7,120,809
172,"Palembang,Sumatera Selatan",34,31-40,382,3,Kampoeng Kopi Banaran,Taman Hiburan,Semarang,200000,4.3,90,787
275,"Lampung,Sumatera Selatan",34,31-40,104,1,Tebing Breksi,Budaya,Yogyakarta,20000,4.4,,668
275,"Lampung,Sumatera Selatan",34,31-40,166,1,Kebun Teh Nglinggo,Cagar Alam,Yogyakarta,6000,4.5,,626
172,"Palembang,Sumatera Selatan",34,31-40,407,5,Taman Ekspresi Dan Perpustakaan,Taman Hiburan,Surabaya,0,4.5,45,1
172,"Palembang,Sumatera Selatan",34,31-40,386,3,Air Terjun Semirang,Cagar Alam,Semarang,9000,4.4,,776
172,"Palembang,Sumatera Selatan",34,31-40,216,1,Farm House Susu Lembang,Taman Hiburan,Bandung,30000,4.4,,531
172,"Palembang,Sumatera Selatan",34,31-40,43,3,The Escape Hunt,Taman Hiburan,Jakarta,70000,4.4,120,429
275,"Lampung,Sumatera Selatan",34,31-40,105,3,Candi Donotirto,Budaya,Yogyakarta,0,4.4,25,655
172,"Palembang,Sumatera Selatan",34,31-40,134,4,Desa Wisata Gamplong,Taman Hiburan,Yogyakarta,10000,4.4,60,809
172,"Palembang,Sumatera Selatan",34,31-40,424,2,Pantai Ria Kenjeran,Bahari,Surabaya,15000,4.2,45,1
99,"Palembang,Sumatera Selatan",33,31-40,70,3,Perpustakaan Nasional,Budaya,Jakarta,0,4.7,240,423
171,"Lampung,Sumatera Selatan",33,31-40,283,3,Jembatan Pasupati,Taman Hiburan,Bandung,0,4.6,,356
99,"Palembang,Sumatera Selatan",33,31-40,53,5,Rumah Sipitung,Budaya,Jakarta,5000,4.5,90,423
99,"Palembang,Sumatera Selatan",33,31-40,424,1,Pantai Ria Kenjeran,Bahari,Surabaya,15000,4.2,45,1
171,"Lampung,Sumatera Selatan",33,31-40,217,3,Kebun Binatang Bandung,Cagar Alam,Bandung,20000,4.0,180,356
99,"Palembang,Sumatera Selatan",33,31-40,377,5,La Kana Chapel,Taman Hiburan,Semarang,35000,4.5,,778
99,"Palembang,Sumatera Selatan",33,31-40,44,3,Monumen Selamat Datang,Budaya,Jakarta,0,4.7,15,424
99,"Palembang,Sumatera Selatan",33,31-40,68,5,Pasar Petak Sembilan,Pusat Perbelanjaan,Jakarta,0,4.4,45,418
99,"Palembang,Sumatera Selatan",33,31-40,183,1,Jogja Bay Pirates Adventure Waterpark,Taman Hiburan,Yogyakarta,150000,4.4,,820
99,"Palembang,Sumatera Selatan",33,31-40,394,3,Air Mancur Menari,Taman Hiburan,Surabaya,35000,4.4,45,1
99,"Palembang,Sumatera Selatan",33,31-40,76,4,Taman Cattleya,Taman Hiburan,Jakarta,20000,4.5,,421
171,"Lampung,Sumatera Selatan",33,31-40,436,4,Taman Flora Bratang Surabaya,Taman Hiburan,Surabaya,0,4.6,,868
99,"Palembang,Sumatera Selatan",33,31-40,190,5,Pantai Samas,Bahari,Yogyakarta,4000,4.0,45,826
99,"Palembang,Sumatera Selatan",33,31-40,317,1,Curug Cimahi,Cagar Alam,Bandung,15000,4.6,30,526
99,"Palembang,Sumatera Selatan",33,31-40,199,5,Pantai Sedahan,Bahari,Yogyakarta,5000,4.5,,877
171,"Lampung,Sumatera Selatan",33,31-40,407,4,Taman Ekspresi Dan Perpustakaan,Taman Hiburan,Surabaya,0,4.5,45,865
171,"Lampung,Sumatera Selatan",33,31-40,334,3,Chingu Cafe Little Seoul,Taman Hiburan,Bandung,50000,4.5,,357
171,"Lampung,Sumatera Selatan",33,31-40,308,4,Pemandian Air Panas Ciater,Cagar Alam,Bandung,15000,4.3,,347
99,"Palembang,Sumatera Selatan",33,31-40,173,2,Pantai Nglambor,Bahari,Yogyakarta,10000,4.4,,873
171,"Lampung,Sumatera Selatan",33,31-40,80,5,Plaza Indonesia,Pusat Perbelanjaan,Jakarta,0,4.7,120,240
99,"Palembang,Sumatera Selatan",33,31-40,356,2,Saloka Theme Park,Taman Hiburan,Semarang,150000,4.4,180,791
171,"Lampung,Sumatera Selatan",33,31-40,166,2,Kebun Teh Nglinggo,Cagar Alam,Yogyakarta,6000,4.5,,626
171,"Lampung,Sumatera Selatan",33,31-40,298,3,Gunung Lalakon,Cagar Alam,Bandung,0,4.8,,355
99,"Palembang,Sumatera Selatan",33,31-40,415,4,Museum De Javasche Bank,Budaya,Surabaya,5000,4.6,60,1
171,"Lampung,Sumatera Selatan",33,31-40,220,2,Dusun Bambu,Taman Hiburan,Bandung,25000,4.5,,345
171,"Lampung,Sumatera Selatan",33,31-40,264,3,Gereja Katedral Santo Petrus Bandung,Tempat Ibadah,Bandung,0,4.8,,358
99,"Palembang,Sumatera Selatan",33,31-40,224,3,Dago Dreampark,Taman Hiburan,Bandung,40000,4.2,150,534
99,"Palembang,Sumatera Selatan",33,31-40,94,3,Sumur Gumuling,Taman Hiburan,Yogyakarta,7000,4.5,,819
171,"Lampung,Sumatera Selatan",33,31-40,191,4,Pantai Drini,Bahari,Yogyakarta,10000,4.5,,696
171,"Lampung,Sumatera Selatan",33,31-40,233,3,Gunung Papandayan,Cagar Alam,Bandung,30000,4.6,,400
171,"Lampung,Sumatera Selatan",33,31-40,244,4,Kampung Batu Malakasari,Taman Hiburan,Bandung,10000,4.1,,365
171,"Lampung,Sumatera Selatan",33,31-40,115,5,Monumen Sanapati,Budaya,Yogyakarta,15000,4.3,,656
171,"Lampung,Sumatera Selatan",33,31-40,332,1,Rainbow Garden,Cagar Alam,Bandung,20000,4.6,90,351
99,"Palembang,Sumatera Selatan",33,31-40,288,4,Masjid Salman ITB,Tempat Ibadah,Bandung,0,4.8,,537
99,"Palembang,Sumatera Selatan",33,31-40,84,1,Kawasan Kuliner BSM,Pusat Perbelanjaan,Jakarta,0,4.6,,423
171,"Lampung,Sumatera Selatan",33,31-40,181,1,Pantai Sundak,Bahari,Yogyakarta,5000,4.5,,700
99,"Palembang,Sumatera Selatan",33,31-40,206,5,Wisata Kaliurang,Cagar Alam,Yogyakarta,8000,4.4,60,810
99,"Palembang,Sumatera Selatan",33,31-40,437,4,Gereja Perawan Maria Tak Berdosa Surabaya,Tempat Ibadah,Surabaya,10000,4.8,,1
99,"Palembang,Sumatera Selatan",33,31-40,272,4,Taman Budaya Jawa Barat,Budaya,Bandung,0,4.3,120,535
171,"Lampung,Sumatera Selatan",33,31-40,386,1,Air Terjun Semirang,Cagar Alam,Semarang,9000,4.4,,622
171,"Lampung,Sumatera Selatan",33,31-40,181,5,Pantai Sundak,Bahari,Yogyakarta,5000,4.5,,700
99,"Palembang,Sumatera Selatan",33,31-40,323,4,Kebun Tanaman Obat Sari Alam,Cagar Alam,Bandung,0,4.9,90,453
171,"Lampung,Sumatera Selatan",33,31-40,415,2,Museum De Javasche Bank,Budaya,Surabaya,5000,4.6,60,864
99,"Palembang,Sumatera Selatan",33,31-40,115,4,Monumen Sanapati,Budaya,Yogyakarta,15000,4.3,,818
99,"Palembang,Sumatera Selatan",33,31-40,215,5,Taman Hutan Raya Ir. H. Djuanda,Cagar Alam,Bandung,15000,4.5,90,535
99,"Palembang,Sumatera Selatan",33,31-40,244,2,Kampung Batu Malakasari,Taman Hiburan,Bandung,10000,4.1,,547
171,"Lampung,Sumatera Selatan",33,31-40,56,2,Pantai Ancol,Bahari,Jakarta,25000,4.4,,236
99,"Palembang,Sumatera Selatan",33,31-40,156,4,Pantai Pulang Sawal,Bahari,Yogyakarta,10000,4.5,,865
99,"Palembang,Sumatera Selatan",33,31-40,84,4,Kawasan Kuliner BSM,Pusat Perbelanjaan,Jakarta,0,4.6,,423
99,"Palembang,Sumatera Selatan",33,31-40,337,1,Kampung Pelangi,Taman Hiburan,Semarang,3000,4.3,30,767
171,"Lampung,Sumatera Selatan",33,31-40,258,1,Museum Gedung Sate,Budaya,Bandung,5000,4.6,,358
171,"Lampung,Sumatera Selatan",33,31-40,327,1,Taman Miniatur Kereta Api,Taman Hiburan,Bandung,15000,4.4,,351
99,"Palembang,Sumatera Selatan",33,31-40,134,3,Desa Wisata Gamplong,Taman Hiburan,Yogyakarta,10000,4.4,60,809
99,"Palembang,Sumatera Selatan",33,31-40,314,4,Tafso Barn,Cagar Alam,Bandung,0,4.2,180,533
99,"Palembang,Sumatera Selatan",33,31-40,371,2,Wisata Eling Bening,Cagar Alam,Semarang,25000,4.3,90,786
171,"Lampung,Sumatera Selatan",33,31-40,95,2,Desa Wisata Sungai Code Jogja Kota,Taman Hiburan,Yogyakarta,0,5.0,,658
99,"Palembang,Sumatera Selatan",33,31-40,232,4,Bukit Moko,Cagar Alam,Bandung,25000,4.5,,537
171,"Lampung,Sumatera Selatan",33,31-40,4,1,Taman Mini Indonesia Indah (TMII),Taman Hiburan,Jakarta,10000,4.5,,254
99,"Palembang,Sumatera Selatan",33,31-40,45,3,Jakarta Aquarium dan Safari,Taman Hiburan,Jakarta,185000,4.6,,420
171,"Lampung,Sumatera Selatan",33,31-40,263,5,Curug Batu Templek,Cagar Alam,Bandung,5000,4.1,90,360
99,"Palembang,Sumatera Selatan",33,31-40,182,5,Hutan Mangrove Kulon Progo,Bahari,Yogyakarta,5000,4.1,120,797
99,"Palembang,Sumatera Selatan",33,31-40,59,4,Museum Sumpah Pemuda,Budaya,Jakarta,2000,4.7,,424
171,"Lampung,Sumatera Selatan",33,31-40,269,3,Bumi Perkemahan Batu Kuda,Cagar Alam,Bandung,7500,4.5,,366
99,"Palembang,Sumatera Selatan",33,31-40,277,5,Peta Park,Taman Hiburan,Bandung,15000,4.3,,539
171,"Lampung,Sumatera Selatan",33,31-40,138,2,Jogja Exotarium,Taman Hiburan,Yogyakarta,20000,4.4,120,651
99,"Palembang,Sumatera Selatan",33,31-40,350,4,Pantai Cipta,Bahari,Semarang,5000,4.0,90,765
99,"Palembang,Sumatera Selatan",33,31-40,66,4,Museum Layang-layang,Budaya,Jakarta,10000,4.5,90,433
99,"Palembang,Sumatera Selatan",33,31-40,338,2,Lawang Sewu,Budaya,Semarang,10000,4.6,,767
99,"Palembang,Sumatera Selatan",33,31-40,280,1,Gereja Tiberias Indonesia Bandung,Tempat Ibadah,Bandung,0,4.9,,542
171,"Lampung,Sumatera Selatan",33,31-40,240,5,Taman Lalu Lintas Ade Irma Suryani Nasution,Taman Hiburan,Bandung,7000,4.4,60,358
99,"Palembang,Sumatera Selatan",33,31-40,111,5,Puncak Pinus Becici,Taman Hiburan,Yogyakarta,3000,4.5,,832
171,"Lampung,Sumatera Selatan",33,31-40,71,4,Cibubur Garden Diary (Cibugary),Cagar Alam,Jakarta,50000,4.5,,261
171,"Lampung,Sumatera Selatan",33,31-40,86,4,Keraton Yogyakarta,Budaya,Yogyakarta,15000,4.6,,656
171,"Lampung,Sumatera Selatan",33,31-40,277,4,Peta Park,Taman Hiburan,Bandung,15000,4.3,,358
99,"Palembang,Sumatera Selatan",33,31-40,311,1,The Lodge Maribaya,Cagar Alam,Bandung,25000,4.3,150,536
296,"Lampung,Sumatera Selatan",31,31-40,297,3,Mountain View Golf Club,Cagar Alam,Bandung,375000,4.4,120,357
296,"Lampung,Sumatera Selatan",31,31-40,314,2,Tafso Barn,Cagar Alam,Bandung,0,4.2,180,353
296,"Lampung,Sumatera Selatan",31,31-40,389,4,Brown Canyon,Cagar Alam,Semarang,0,4.2,30,627
296,"Lampung,Sumatera Selatan",31,31-40,225,2,Orchid Forest Cikole,Taman Hiburan,Bandung,50000,4.6,150,349
296,"Lampung,Sumatera Selatan",31,31-40,21,3,Museum Wayang,Budaya,Jakarta,5000,4.5,150,234
296,"Lampung,Sumatera Selatan",31,31-40,216,2,Farm House Susu Lembang,Taman Hiburan,Bandung,30000,4.4,,351
296,"Lampung,Sumatera Selatan",31,31-40,225,4,Orchid Forest Cikole,Taman Hiburan,Bandung,50000,4.6,150,349
296,"Lampung,Sumatera Selatan",31,31-40,276,2,Taman Jomblo,Taman Hiburan,Bandung,10000,4.1,30,356
296,"Lampung,Sumatera Selatan",31,31-40,18,4,Museum Bank Indonesia,Budaya,Jakarta,2000,4.7,,235
296,"Lampung,Sumatera Selatan",31,31-40,113,2,Gedung Agung Yogyakarta,Budaya,Yogyakarta,0,4.6,,656
296,"Lampung,Sumatera Selatan",31,31-40,240,2,Taman Lalu Lintas Ade Irma Suryani Nasution,Taman Hiburan,Bandung,7000,4.4,60,358
296,"Lampung,Sumatera Selatan",31,31-40,406,4,Kebun Bibit Wonorejo,Cagar Alam,Surabaya,0,4.4,30,872
296,"Lampung,Sumatera Selatan",31,31-40,6,5,Taman Impian Jaya Ancol,Taman Hiburan,Jakarta,25000,4.5,10,236
296,"Lampung,Sumatera Selatan",31,31-40,280,3,Gereja Tiberias Indonesia Bandung,Tempat Ibadah,Bandung,0,4.9,,361
296,"Lampung,Sumatera Selatan",31,31-40,213,4,Gedung Sate,Budaya,Bandung,5000,4.6,,358
296,"Lampung,Sumatera Selatan",31,31-40,177,4,Pantai Parangtritis,Bahari,Yogyakarta,10000,4.5,,667
296,"Lampung,Sumatera Selatan",31,31-40,296,4,Batununggal Indah Club,Taman Hiburan,Bandung,70000,4.4,,363
296,"Lampung,Sumatera Selatan",31,31-40,6,3,Taman Impian Jaya Ancol,Taman Hiburan,Jakarta,25000,4.5,10,236
296,"Lampung,Sumatera Selatan",31,31-40,29,2,Wisata Kuliner Pecenongan,Pusat Perbelanjaan,Jakarta,0,5.0,,238
296,"Lampung,Sumatera Selatan",31,31-40,407,3,Taman Ekspresi Dan Perpustakaan,Taman Hiburan,Surabaya,0,4.5,45,865
296,"Lampung,Sumatera Selatan",31,31-40,351,5,Old City 3D Trick Art Museum,Budaya,Semarang,50000,4.4,,617
296,"Lampung,Sumatera Selatan",31,31-40,97,2,Monumen Yogya Kembali,Budaya,Yogyakarta,15000,4.5,30,653
296,"Lampung,Sumatera Selatan",31,31-40,71,1,Cibubur Garden Diary (Cibugary),Cagar Alam,Jakarta,50000,4.5,,261
296,"Lampung,Sumatera Selatan",31,31-40,177,4,Pantai Parangtritis,Bahari,Yogyakarta,10000,4.5,,667
296,"Lampung,Sumatera Selatan",31,31-40,125,4,Alun-alun Utara Keraton Yogyakarta,Budaya,Yogyakarta,0,4.6,60,656
296,"Lampung,Sumatera Selatan",31,31-40,177,2,Pantai Parangtritis,Bahari,Yogyakarta,10000,4.5,,667
296,"Lampung,Sumatera Selatan",31,31-40,13,2,Pulau Pramuka,Bahari,Jakarta,5000,4.2,,188
296,"Lampung,Sumatera Selatan",31,31-40,427,5,Patung Buddha Empat Rupa,Budaya,Surabaya,0,4.3,,871
296,"Lampung,Sumatera Selatan",31,31-40,224,4,Dago Dreampark,Taman Hiburan,Bandung,40000,4.2,150,354
296,"Lampung,Sumatera Selatan",31,31-40,174,2,Pasar Beringharjo,Pusat Perbelanjaan,Yogyakarta,0,4.5,60,656
296,"Lampung,Sumatera Selatan",31,31-40,303,2,Masjid Al-Imtizaj,Tempat Ibadah,Bandung,0,4.7,,358
296,"Lampung,Sumatera Selatan",31,31-40,64,2,Museum Sasmita Loka Ahmad Yani,Budaya,Jakarta,2000,4.7,45,242
296,"Lampung,Sumatera Selatan",31,31-40,162,2,Kampung Wisata Dipowinatan,Budaya,Yogyakarta,220000,4.5,,657
296,"Lampung,Sumatera Selatan",31,31-40,118,1,Museum Sonobudoyo Unit I,Budaya,Yogyakarta,5000,4.6,120,656
296,"Lampung,Sumatera Selatan",31,31-40,69,2,Freedom Library,Budaya,Jakarta,0,5.0,,242
296,"Lampung,Sumatera Selatan",31,31-40,259,3,Monumen Perjuangan Rakyat Jawa Barat,Budaya,Bandung,0,4.5,45,357
222,"Lampung,Sumatera Selatan",30,20-30,70,4,Perpustakaan Nasional,Budaya,Jakarta,0,4.7,240,239
20,"Lampung,Sumatera Selatan",30,20-30,90,2,Kampung Wisata Taman Sari,Taman Hiburan,Yogyakarta,5000,4.6,,656
255,"Lampung,Sumatera Selatan",30,20-30,393,3,Taman Harmoni Keputih,Cagar Alam,Surabaya,0,4.4,60,873
255,"Lampung,Sumatera Selatan",30,20-30,295,4,Museum Nike Ardilla,Budaya,Bandung,0,4.6,,365
222,"Lampung,Sumatera Selatan",30,20-30,382,2,Kampoeng Kopi Banaran,Taman Hiburan,Semarang,200000,4.3,90,632
20,"Lampung,Sumatera Selatan",30,20-30,159,4,Hutan Pinus Asri,Cagar Alam,Yogyakarta,2500,4.5,,670
255,"Lampung,Sumatera Selatan",30,20-30,224,2,Dago Dreampark,Taman Hiburan,Bandung,40000,4.2,150,354
222,"Lampung,Sumatera Selatan",30,20-30,75,3,SnowBay Waterpark,Taman Hiburan,Jakarta,180000,4.3,,254
255,"Lampung,Sumatera Selatan",30,20-30,309,4,Observatorium Bosscha,Cagar Alam,Bandung,25000,4.5,,351
255,"Lampung,Sumatera Selatan",30,20-30,116,3,Jurang Tembelan Kanigoro,Taman Hiburan,Yogyakarta,2500,4.5,45,671
20,"Lampung,Sumatera Selatan",30,20-30,335,4,Candi Gedong Songo,Budaya,Semarang,10000,4.5,,620
222,"Lampung,Sumatera Selatan",30,20-30,186,3,Pantai Glagah,Bahari,Yogyakarta,5000,4.4,,636
20,"Lampung,Sumatera Selatan",30,20-30,21,3,Museum Wayang,Budaya,Jakarta,5000,4.5,150,234
20,"Lampung,Sumatera Selatan",30,20-30,429,3,House of Sampoerna,Budaya,Surabaya,0,4.6,30,863
222,"Lampung,Sumatera Selatan",30,20-30,8,1,Ocean Ecopark,Taman Hiburan,Jakarta,180000,4.0,,235
222,"Lampung,Sumatera Selatan",30,20-30,134,4,Desa Wisata Gamplong,Taman Hiburan,Yogyakarta,10000,4.4,60,645
255,"Lampung,Sumatera Selatan",30,20-30,46,3,Pulau Semak Daun,Bahari,Jakarta,40000,4.0,,183
222,"Lampung,Sumatera Selatan",30,20-30,71,2,Cibubur Garden Diary (Cibugary),Cagar Alam,Jakarta,50000,4.5,,261
255,"Lampung,Sumatera Selatan",30,20-30,183,5,Jogja Bay Pirates Adventure Waterpark,Taman Hiburan,Yogyakarta,150000,4.4,,658
255,"Lampung,Sumatera Selatan",30,20-30,343,5,Pantai Baruna,Bahari,Semarang,3000,4.0,,613
222,"Lampung,Sumatera Selatan",30,20-30,25,1,Pasar Tanah Abang,Pusat Perbelanjaan,Jakarta,0,4.0,45,239
222,"Lampung,Sumatera Selatan",30,20-30,225,2,Orchid Forest Cikole,Taman Hiburan,Bandung,50000,4.6,150,349
255,"Lampung,Sumatera Selatan",30,20-30,338,1,Lawang Sewu,Budaya,Semarang,10000,4.6,,616
255,"Lampung,Sumatera Selatan",30,20-30,220,4,Dusun Bambu,Taman Hiburan,Bandung,25000,4.5,,345
20,"Lampung,Sumatera Selatan",30,20-30,239,4,Lembang Park & Zoo,Cagar Alam,Bandung,50000,4.5,210,348
20,"Lampung,Sumatera Selatan",30,20-30,67,4,Margasatwa Muara Angke,Cagar Alam,Jakarta,25000,4.2,15,230
20,"Lampung,Sumatera Selatan",30,20-30,375,5,Kota Lama Semarang,Budaya,Semarang,0,4.7,90,617
255,"Lampung,Sumatera Selatan",30,20-30,425,3,Waterpark Kenjeran Surabaya,Taman Hiburan,Surabaya,35000,4.1,,871
222,"Lampung,Sumatera Selatan",30,20-30,334,5,Chingu Cafe Little Seoul,Taman Hiburan,Bandung,50000,4.5,,357
20,"Lampung,Sumatera Selatan",30,20-30,83,3,Alive Museum Ancol,Taman Hiburan,Jakarta,200000,4.3,,236
20,"Lampung,Sumatera Selatan",30,20-30,142,2,Ledok Sambi,Cagar Alam,Yogyakarta,0,4.6,150,653
20,"Lampung,Sumatera Selatan",30,20-30,227,5,Alun-Alun Kota Bandung,Taman Hiburan,Bandung,0,4.6,60,358
20,"Lampung,Sumatera Selatan",30,20-30,425,4,Waterpark Kenjeran Surabaya,Taman Hiburan,Surabaya,35000,4.1,,871
222,"Lampung,Sumatera Selatan",30,20-30,12,4,Pulau Pari,Bahari,Jakarta,150000,4.0,,199
255,"Lampung,Sumatera Selatan",30,20-30,123,5,Kampung Wisata Rejowinangun,Budaya,Yogyakarta,0,4.3,,660
255,"Lampung,Sumatera Selatan",30,20-30,25,4,Pasar Tanah Abang,Pusat Perbelanjaan,Jakarta,0,4.0,45,239
222,"Lampung,Sumatera Selatan",30,20-30,194,2,Pantai Wediombo,Bahari,Yogyakarta,5000,4.5,,711
20,"Lampung,Sumatera Selatan",30,20-30,9,2,Pelabuhan Marina,Bahari,Jakarta,175000,4.4,,648
255,"Lampung,Sumatera Selatan",30,20-30,423,2,Patung Sura dan Buaya,Budaya,Surabaya,0,4.6,30,866
20,"Lampung,Sumatera Selatan",30,20-30,360,2,Air Terjun Kali Pancur,Cagar Alam,Semarang,5000,4.1,,636
20,"Lampung,Sumatera Selatan",30,20-30,302,5,Masjid Pusdai,Tempat Ibadah,Bandung,0,4.7,,358
255,"Lampung,Sumatera Selatan",30,20-30,320,2,Pemandian Air Panas Cimanggu,Cagar Alam,Bandung,23000,3.9,60,362
255,"Lampung,Sumatera Selatan",30,20-30,432,4,Taman Mundu,Taman Hiburan,Surabaya,0,4.4,30,866
255,"Lampung,Sumatera Selatan",30,20-30,279,3,Masjid Agung Trans Studio Bandung,Tempat Ibadah,Bandung,0,4.8,,361
20,"Lampung,Sumatera Selatan",30,20-30,163,2,Watu Mabur Mangunan,Cagar Alam,Yogyakarta,2500,4.5,60,672
255,"Lampung,Sumatera Selatan",30,20-30,199,2,Pantai Sedahan,Bahari,Yogyakarta,5000,4.5,,713
20,"Lampung,Sumatera Selatan",30,20-30,278,3,Masjid Daarut Tauhiid Bandung,Tempat Ibadah,Bandung,0,4.9,,352
222,"Lampung,Sumatera Selatan",30,20-30,5,4,Atlantis Water Adventure,Taman Hiburan,Jakarta,94000,4.5,60,235
20,"Lampung,Sumatera Selatan",30,20-30,99,2,Kampung Wisata Kadipaten,Budaya,Yogyakarta,0,4.4,,656
20,"Lampung,Sumatera Selatan",30,20-30,349,2,Wisata Mangrove Tapak,Cagar Alam,Semarang,5000,4.3,90,609
255,"Lampung,Sumatera Selatan",30,20-30,275,2,Curug Cipanas,Cagar Alam,Bandung,20000,3.9,180,347
222,"Lampung,Sumatera Selatan",30,20-30,437,2,Gereja Perawan Maria Tak Berdosa Surabaya,Tempat Ibadah,Surabaya,10000,4.8,,864
222,"Lampung,Sumatera Selatan",30,20-30,43,1,The Escape Hunt,Taman Hiburan,Jakarta,70000,4.4,120,245
20,"Lampung,Sumatera Selatan",30,20-30,22,3,Masjid Istiqlal,Tempat Ibadah,Jakarta,0,4.7,,239
255,"Lampung,Sumatera Selatan",30,20-30,242,2,Curug Dago,Cagar Alam,Bandung,12000,4.0,,354
222,"Lampung,Sumatera Selatan",30,20-30,138,5,Jogja Exotarium,Taman Hiburan,Yogyakarta,20000,4.4,120,651
255,"Lampung,Sumatera Selatan",30,20-30,110,4,Monumen Serangan Umum 1 Maret,Taman Hiburan,Yogyakarta,3000,4.6,,656
20,"Lampung,Sumatera Selatan",30,20-30,192,2,Air Terjun Sri Gethuk,Cagar Alam,Yogyakarta,15000,4.4,,676
222,"Lampung,Sumatera Selatan",30,20-30,127,4,Blue Lagoon Jogja,Taman Hiburan,Yogyakarta,10000,4.3,,658
222,"Lampung,Sumatera Selatan",30,20-30,35,4,Grand Indonesia Mall,Pusat Perbelanjaan,Jakarta,0,4.7,120,240
20,"Lampung,Sumatera Selatan",30,20-30,136,3,Grojogan Watu Purbo Bangunrejo,Taman Hiburan,Yogyakarta,10000,4.5,90,644
222,"Lampung,Sumatera Selatan",30,20-30,89,2,De Mata Museum Jogja,Budaya,Yogyakarta,50000,4.4,,659
255,"Lampung,Sumatera Selatan",30,20-30,267,1,Panama Park 825,Taman Hiburan,Bandung,50000,4.4,,355
20,"Lampung,Sumatera Selatan",30,20-30,81,3,Mall Thamrin City,Pusat Perbelanjaan,Jakarta,0,4.4,60,240
20,"Lampung,Sumatera Selatan",30,20-30,202,5,Pantai Ngandong,Bahari,Yogyakarta,10000,4.5,,699
222,"Lampung,Sumatera Selatan",30,20-30,80,5,Plaza Indonesia,Pusat Perbelanjaan,Jakarta,0,4.7,120,240
20,"Lampung,Sumatera Selatan",30,20-30,344,2,Pantai Marina,Bahari,Semarang,3000,4.1,,612
222,"Lampung,Sumatera Selatan",30,20-30,347,2,Taman Pandanaran,Taman Hiburan,Semarang,0,4.4,45,617
222,"Lampung,Sumatera Selatan",30,20-30,169,5,Puncak Segoro,Cagar Alam,Yogyakarta,5000,4.2,90,683
255,"Lampung,Sumatera Selatan",30,20-30,302,4,Masjid Pusdai,Tempat Ibadah,Bandung,0,4.7,,358
20,"Lampung,Sumatera Selatan",30,20-30,84,3,Kawasan Kuliner BSM,Pusat Perbelanjaan,Jakarta,0,4.6,,239
222,"Lampung,Sumatera Selatan",30,20-30,183,1,Jogja Bay Pirates Adventure Waterpark,Taman Hiburan,Yogyakarta,150000,4.4,,658
222,"Lampung,Sumatera Selatan",30,20-30,216,4,Farm House Susu Lembang,Taman Hiburan,Bandung,30000,4.4,,351
222,"Lampung,Sumatera Selatan",30,20-30,154,4,Pantai Ngrawe (Mesra),Bahari,Yogyakarta,10000,4.5,,694
255,"Lampung,Sumatera Selatan",30,20-30,403,3,Taman Barunawati,Taman Hiburan,Surabaya,0,4.2,30,863
222,"Lampung,Sumatera Selatan",30,20-30,336,1,Grand Maerakaca,Taman Hiburan,Semarang,15000,4.4,,612
222,"Lampung,Sumatera Selatan",30,20-30,298,4,Gunung Lalakon,Cagar Alam,Bandung,0,4.8,,355
222,"Lampung,Sumatera Selatan",30,20-30,104,2,Tebing Breksi,Budaya,Yogyakarta,20000,4.4,,668
20,"Lampung,Sumatera Selatan",30,20-30,108,4,Embung Tambakboyo,Taman Hiburan,Yogyakarta,0,4.4,,658
222,"Lampung,Sumatera Selatan",30,20-30,420,1,Surabaya Museum (Gedung Siola),Budaya,Surabaya,0,4.5,45,864
255,"Lampung,Sumatera Selatan",30,20-30,152,4,Pantai Patihan,Bahari,Yogyakarta,5000,4.1,45,657
222,"Lampung,Sumatera Selatan",30,20-30,211,3,GunungTangkuban perahu,Cagar Alam,Bandung,30000,4.5,,345
20,"Lampung,Sumatera Selatan",30,20-30,327,5,Taman Miniatur Kereta Api,Taman Hiburan,Bandung,15000,4.4,,351
255,"Lampung,Sumatera Selatan",30,20-30,156,1,Pantai Pulang Sawal,Bahari,Yogyakarta,10000,4.5,,700
20,"Lampung,Sumatera Selatan",30,20-30,145,2,Desa Wisata Rumah Domes/Teletubbies,Taman Hiburan,Yogyakarta,5000,4.1,60,670
222,"Lampung,Sumatera Selatan",30,20-30,89,1,De Mata Museum Jogja,Budaya,Yogyakarta,50000,4.4,,659
255,"Lampung,Sumatera Selatan",30,20-30,332,5,Rainbow Garden,Cagar Alam,Bandung,20000,4.6,90,351
255,"Lampung,Sumatera Selatan",30,20-30,299,3,Sendang Geulis Kahuripan,Cagar Alam,Bandung,10000,4.3,120,335
255,"Lampung,Sumatera Selatan",30,20-30,336,5,Grand Maerakaca,Taman Hiburan,Semarang,15000,4.4,,612
20,"Lampung,Sumatera Selatan",30,20-30,404,2,Kenjeran Park,Taman Hiburan,Surabaya,35000,4.2,120,870
255,"Lampung,Sumatera Selatan",30,20-30,267,1,Panama Park 825,Taman Hiburan,Bandung,50000,4.4,,355
20,"Lampung,Sumatera Selatan",30,20-30,374,3,Hutan Pinus Kayon,Cagar Alam,Semarang,6000,4.4,,641
255,"Lampung,Sumatera Selatan",30,20-30,3,1,Dunia Fantasi,Taman Hiburan,Jakarta,270000,4.6,360,235
222,"Lampung,Sumatera Selatan",30,20-30,248,5,NuArt Sculpture Park,Taman Hiburan,Bandung,50000,4.7,,352
20,"Lampung,Sumatera Selatan",30,20-30,46,3,Pulau Semak Daun,Bahari,Jakarta,40000,4.0,,183
20,"Lampung,Sumatera Selatan",30,20-30,346,3,Indonesia Kaya Park,Taman Hiburan,Semarang,0,4.6,45,617
20,"Lampung,Sumatera Selatan",30,20-30,425,3,Waterpark Kenjeran Surabaya,Taman Hiburan,Surabaya,35000,4.1,,871
255,"Lampung,Sumatera Selatan",30,20-30,427,1,Patung Buddha Empat Rupa,Budaya,Surabaya,0,4.3,,871
255,"Lampung,Sumatera Selatan",30,20-30,240,5,Taman Lalu Lintas Ade Irma Suryani Nasution,Taman Hiburan,Bandung,7000,4.4,60,358
222,"Lampung,Sumatera Selatan",30,20-30,144,1,Goa Jomblang,Cagar Alam,Yogyakarta,500000,4.6,,695
222,"Lampung,Sumatera Selatan",30,20-30,277,4,Peta Park,Taman Hiburan,Bandung,15000,4.3,,358
255,"Lampung,Sumatera Selatan",30,20-30,94,2,Sumur Gumuling,Taman Hiburan,Yogyakarta,7000,4.5,,656
222,"Lampung,Sumatera Selatan",30,20-30,235,5,Gua Belanda,Cagar Alam,Bandung,15000,4.4,45,355
98,"Lampung,Sumatera Selatan",28,20-30,428,4,Monumen Bambu Runcing Surabaya,Budaya,Surabaya,0,4.6,15,866
98,"Lampung,Sumatera Selatan",28,20-30,325,2,Saung Angklung Mang Udjo,Budaya,Bandung,75000,4.7,,360
98,"Lampung,Sumatera Selatan",28,20-30,81,3,Mall Thamrin City,Pusat Perbelanjaan,Jakarta,0,4.4,60,240
98,"Lampung,Sumatera Selatan",28,20-30,373,5,Museum Kereta Ambarawa,Budaya,Semarang,10000,4.5,60,629
98,"Lampung,Sumatera Selatan",28,20-30,225,3,Orchid Forest Cikole,Taman Hiburan,Bandung,50000,4.6,150,349
98,"Lampung,Sumatera Selatan",28,20-30,241,5,Lawangwangi Creative Space,Taman Hiburan,Bandung,0,4.4,120,354
98,"Lampung,Sumatera Selatan",28,20-30,374,4,Hutan Pinus Kayon,Cagar Alam,Semarang,6000,4.4,,641
98,"Lampung,Sumatera Selatan",28,20-30,404,2,Kenjeran Park,Taman Hiburan,Surabaya,35000,4.2,120,870
98,"Lampung,Sumatera Selatan",28,20-30,42,3,Museum Seni Rupa dan Kramik,Budaya,Jakarta,5000,4.4,,234
98,"Lampung,Sumatera Selatan",28,20-30,254,3,Teras Cikapundung BBWS,Taman Hiburan,Bandung,0,4.3,60,355
98,"Lampung,Sumatera Selatan",28,20-30,196,5,Pantai Ngrenehan,Bahari,Yogyakarta,3000,4.4,,690
98,"Lampung,Sumatera Selatan",28,20-30,255,1,Museum Barli,Budaya,Bandung,15000,4.4,180,353
98,"Lampung,Sumatera Selatan",28,20-30,65,4,Museum Basoeki Abdullah,Budaya,Jakarta,1000,4.6,90,246
98,"Lampung,Sumatera Selatan",28,20-30,2,3,Kota Tua,Budaya,Jakarta,0,4.6,90,235
98,"Lampung,Sumatera Selatan",28,20-30,356,2,Saloka Theme Park,Taman Hiburan,Semarang,150000,4.4,180,636
98,"Lampung,Sumatera Selatan",28,20-30,15,4,Pasar Seni,Pusat Perbelanjaan,Jakarta,0,4.4,90,240
98,"Lampung,Sumatera Selatan",28,20-30,217,4,Kebun Binatang Bandung,Cagar Alam,Bandung,20000,4.0,180,356
98,"Lampung,Sumatera Selatan",28,20-30,105,5,Candi Donotirto,Budaya,Yogyakarta,0,4.4,25,655
98,"Lampung,Sumatera Selatan",28,20-30,107,1,Bangsal Pagelaran,Budaya,Yogyakarta,5000,4.6,,656
98,"Lampung,Sumatera Selatan",28,20-30,226,2,Kawasan Punclut,Taman Hiburan,Bandung,20000,4.4,120,353
98,"Lampung,Sumatera Selatan",28,20-30,338,3,Lawang Sewu,Budaya,Semarang,10000,4.6,,616
98,"Lampung,Sumatera Selatan",28,20-30,18,1,Museum Bank Indonesia,Budaya,Jakarta,2000,4.7,,235
98,"Lampung,Sumatera Selatan",28,20-30,391,5,Flower Farm Setiya Aji,Cagar Alam,Semarang,7500,4.1,45,625
98,"Lampung,Sumatera Selatan",28,20-30,437,2,Gereja Perawan Maria Tak Berdosa Surabaya,Tempat Ibadah,Surabaya,10000,4.8,,864
98,"Lampung,Sumatera Selatan",28,20-30,190,2,Pantai Samas,Bahari,Yogyakarta,4000,4.0,45,660
98,"Lampung,Sumatera Selatan",28,20-30,341,2,Hutan Wisata Tinjomoyo Semarang,Cagar Alam,Semarang,3000,4.3,,617
98,"Lampung,Sumatera Selatan",28,20-30,419,5,Monumen Tugu Pahlawan,Budaya,Surabaya,0,4.7,30,864
98,"Lampung,Sumatera Selatan",28,20-30,303,2,Masjid Al-Imtizaj,Tempat Ibadah,Bandung,0,4.7,,358
98,"Lampung,Sumatera Selatan",28,20-30,77,3,Taman Hutan Tebet,Taman Hiburan,Jakarta,0,4.4,60,246
98,"Lampung,Sumatera Selatan",28,20-30,219,2,Tebing Karaton,Cagar Alam,Bandung,15000,4.5,,355
98,"Lampung,Sumatera Selatan",28,20-30,112,2,Bukit Bintang Yogyakarta,Taman Hiburan,Yogyakarta,25000,4.5,90,669
98,"Lampung,Sumatera Selatan",28,20-30,381,2,Tugu Muda Semarang,Budaya,Semarang,0,4.7,,616
166,"Lampung,Sumatera Selatan",26,20-30,59,3,Museum Sumpah Pemuda,Budaya,Jakarta,2000,4.7,,241
166,"Lampung,Sumatera Selatan",26,20-30,262,1,Wot Batu,Cagar Alam,Bandung,50000,4.7,,355
166,"Lampung,Sumatera Selatan",26,20-30,41,4,Museum Bahari Jakarta,Budaya,Jakarta,2000,4.4,120,233
166,"Lampung,Sumatera Selatan",26,20-30,360,2,Air Terjun Kali Pancur,Cagar Alam,Semarang,5000,4.1,,636
166,"Lampung,Sumatera Selatan",26,20-30,417,1,Klenteng Sanggar Agung,Budaya,Surabaya,10000,4.5,,871
166,"Lampung,Sumatera Selatan",26,20-30,168,5,Pantai Timang,Bahari,Yogyakarta,10000,4.7,90,706
166,"Lampung,Sumatera Selatan",26,20-30,358,2,Masjid Kapal Semarang,Tempat Ibadah,Semarang,0,4.1,,606
166,"Lampung,Sumatera Selatan",26,20-30,251,4,Taman Lansia,Taman Hiburan,Bandung,0,4.4,,358
166,"Lampung,Sumatera Selatan",26,20-30,344,2,Pantai Marina,Bahari,Semarang,3000,4.1,,612
166,"Lampung,Sumatera Selatan",26,20-30,332,1,Rainbow Garden,Cagar Alam,Bandung,20000,4.6,90,351
166,"Lampung,Sumatera Selatan",26,20-30,302,1,Masjid Pusdai,Tempat Ibadah,Bandung,0,4.7,,358
166,"Lampung,Sumatera Selatan",26,20-30,41,5,Museum Bahari Jakarta,Budaya,Jakarta,2000,4.4,120,233
166,"Lampung,Sumatera Selatan",26,20-30,328,5,Gua Pawon,Cagar Alam,Bandung,10000,4.5,90,337
166,"Lampung,Sumatera Selatan",26,20-30,168,4,Pantai Timang,Bahari,Yogyakarta,10000,4.7,90,706
166,"Lampung,Sumatera Selatan",26,20-30,265,3,Museum Mandala Wangsit Siliwangi,Budaya,Bandung,0,4.4,60,358
166,"Lampung,Sumatera Selatan",26,20-30,391,1,Flower Farm Setiya Aji,Cagar Alam,Semarang,7500,4.1,45,625
166,"Lampung,Sumatera Selatan",26,20-30,151,1,Desa Wisata Kelor,Taman Hiburan,Yogyakarta,0,4.4,90,646
166,"Lampung,Sumatera Selatan",26,20-30,355,5,Umbul Sidomukti,Cagar Alam,Semarang,75000,4.6,,623
166,"Lampung,Sumatera Selatan",26,20-30,131,4,Watu Lumbung,Cagar Alam,Yogyakarta,5000,4.3,30,664
166,"Lampung,Sumatera Selatan",26,20-30,435,3,Taman Air Mancur Menari Kenjeran,Taman Hiburan,Surabaya,0,4.4,45,867
166,"Lampung,Sumatera Selatan",26,20-30,371,5,Wisata Eling Bening,Cagar Alam,Semarang,25000,4.3,90,631
166,"Lampung,Sumatera Selatan",26,20-30,398,4,Taman Buah Surabaya,Taman Hiburan,Surabaya,0,4.1,30,871
166,"Lampung,Sumatera Selatan",26,20-30,333,4,Kota Mini,Taman Hiburan,Bandung,20000,4.4,,351
166,"Lampung,Sumatera Selatan",26,20-30,262,1,Wot Batu,Cagar Alam,Bandung,50000,4.7,,355
166,"Lampung,Sumatera Selatan",26,20-30,95,3,Desa Wisata Sungai Code Jogja Kota,Taman Hiburan,Yogyakarta,0,5.0,,658
166,"Lampung,Sumatera Selatan",26,20-30,426,4,Balai Kota Surabaya,Budaya,Surabaya,0,4.7,60,866
166,"Lampung,Sumatera Selatan",26,20-30,190,4,Pantai Samas,Bahari,Yogyakarta,4000,4.0,45,660
166,"Lampung,Sumatera Selatan",26,20-30,141,4,Bunker Kaliadem Merapi,Cagar Alam,Yogyakarta,3000,4.5,45,651
166,"Lampung,Sumatera Selatan",26,20-30,153,3,Pantai Kukup,Bahari,Yogyakarta,10000,4.0,,694
291,"Lampung,Sumatera Selatan",25,20-30,193,1,Candi Sewu,Budaya,Yogyakarta,50000,4.6,,664
270,"Lampung,Sumatera Selatan",25,20-30,334,1,Chingu Cafe Little Seoul,Taman Hiburan,Bandung,50000,4.5,,357
291,"Lampung,Sumatera Selatan",25,20-30,296,1,Batununggal Indah Club,Taman Hiburan,Bandung,70000,4.4,,363
291,"Lampung,Sumatera Selatan",25,20-30,139,1,Puncak Gunung Api Purba - Nglanggeran,Cagar Alam,Yogyakarta,10000,4.7,60,675
270,"Lampung,Sumatera Selatan",25,20-30,168,2,Pantai Timang,Bahari,Yogyakarta,10000,4.7,90,706
270,"Lampung,Sumatera Selatan",25,20-30,303,2,Masjid Al-Imtizaj,Tempat Ibadah,Bandung,0,4.7,,358
270,"Lampung,Sumatera Selatan",25,20-30,202,1,Pantai Ngandong,Bahari,Yogyakarta,10000,4.5,,699
270,"Lampung,Sumatera Selatan",25,20-30,422,4,Monumen Jalesveva Jayamahe,Budaya,Surabaya,0,4.6,15,862
270,"Lampung,Sumatera Selatan",25,20-30,38,1,Istana Negara Republik Indonesia,Budaya,Jakarta,0,4.6,,238
270,"Lampung,Sumatera Selatan",25,20-30,282,5,Curug Cilengkrang,Cagar Alam,Bandung,7500,4.0,60,365
270,"Lampung,Sumatera Selatan",25,20-30,155,1,Pantai Ngobaran,Bahari,Yogyakarta,5000,4.6,,688
270,"Lampung,Sumatera Selatan",25,20-30,254,5,Teras Cikapundung BBWS,Taman Hiburan,Bandung,0,4.3,60,355
291,"Lampung,Sumatera Selatan",25,20-30,321,3,Glamping Lakeside Rancabali,Taman Hiburan,Bandung,30000,4.4,,361
270,"Lampung,Sumatera Selatan",25,20-30,203,3,Galaxy Waterpark Jogja,Taman Hiburan,Yogyakarta,40000,4.3,,661
270,"Lampung,Sumatera Selatan",25,20-30,282,1,Curug Cilengkrang,Cagar Alam,Bandung,7500,4.0,60,365
291,"Lampung,Sumatera Selatan",25,20-30,91,3,Situs Warungboto,Taman Hiburan,Yogyakarta,0,4.4,60,659
270,"Lampung,Sumatera Selatan",25,20-30,17,5,Museum Fatahillah,Budaya,Jakarta,5000,4.4,,235
270,"Lampung,Sumatera Selatan",25,20-30,146,1,Bukit Wisata Pulepayung,Cagar Alam,Yogyakarta,10000,4.5,,634
291,"Lampung,Sumatera Selatan",25,20-30,204,2,Desa Wisata Pulesari,Taman Hiburan,Yogyakarta,0,4.4,,646
291,"Lampung,Sumatera Selatan",25,20-30,284,3,Pasar Baru,Pusat Perbelanjaan,Bandung,0,4.3,,358
270,"Lampung,Sumatera Selatan",25,20-30,24,5,Museum Nasional,Budaya,Jakarta,5000,4.6,,239
291,"Lampung,Sumatera Selatan",25,20-30,235,4,Gua Belanda,Cagar Alam,Bandung,15000,4.4,45,355
291,"Lampung,Sumatera Selatan",25,20-30,239,3,Lembang Park & Zoo,Cagar Alam,Bandung,50000,4.5,210,348
270,"Lampung,Sumatera Selatan",25,20-30,310,1,Taman Bunga Cihideung,Cagar Alam,Bandung,0,4.1,45,347
291,"Lampung,Sumatera Selatan",25,20-30,285,1,Taman Sejarah Bandung,Budaya,Bandung,0,4.6,45,357
270,"Lampung,Sumatera Selatan",25,20-30,275,1,Curug Cipanas,Cagar Alam,Bandung,20000,3.9,180,347
291,"Lampung,Sumatera Selatan",25,20-30,235,5,Gua Belanda,Cagar Alam,Bandung,15000,4.4,45,355
291,"Lampung,Sumatera Selatan",25,20-30,212,3,Jalan Braga,Budaya,Bandung,0,4.7,,358
291,"Lampung,Sumatera Selatan",25,20-30,270,1,Bukit Bintang,Cagar Alam,Bandung,25000,4.6,,357
270,"Lampung,Sumatera Selatan",25,20-30,404,3,Kenjeran Park,Taman Hiburan,Surabaya,35000,4.2,120,870
270,"Lampung,Sumatera Selatan",25,20-30,321,3,Glamping Lakeside Rancabali,Taman Hiburan,Bandung,30000,4.4,,361
270,"Lampung,Sumatera Selatan",25,20-30,371,4,Wisata Eling Bening,Cagar Alam,Semarang,25000,4.3,90,631
291,"Lampung,Sumatera Selatan",25,20-30,178,2,Goa Pindul,Cagar Alam,Yogyakarta,40000,4.5,,691
270,"Lampung,Sumatera Selatan",25,20-30,95,4,Desa Wisata Sungai Code Jogja Kota,Taman Hiburan,Yogyakarta,0,5.0,,658
291,"Lampung,Sumatera Selatan",25,20-30,90,4,Kampung Wisata Taman Sari,Taman Hiburan,Yogyakarta,5000,4.6,,656
291,"Lampung,Sumatera Selatan",25,20-30,161,3,"Bukit Paralayang, Watugupit",Cagar Alam,Yogyakarta,5000,4.7,90,668
270,"Lampung,Sumatera Selatan",25,20-30,189,4,Pantai Nguluran,Bahari,Yogyakarta,10000,4.1,,684
270,"Lampung,Sumatera Selatan",25,20-30,94,5,Sumur Gumuling,Taman Hiburan,Yogyakarta,7000,4.5,,656
291,"Lampung,Sumatera Selatan",25,20-30,91,3,Situs Warungboto,Taman Hiburan,Yogyakarta,0,4.4,60,659
291,"Lampung,Sumatera Selatan",25,20-30,397,4,Taman Kunang-Kunang,Taman Hiburan,Surabaya,0,4.4,45,872
291,"Lampung,Sumatera Selatan",25,20-30,53,3,Rumah Sipitung,Budaya,Jakarta,5000,4.5,90,243
291,"Lampung,Sumatera Selatan",25,20-30,431,4,Taman Hiburan Rakyat,Taman Hiburan,Surabaya,5000,4.2,,866
270,"Lampung,Sumatera Selatan",25,20-30,179,4,Candi Ratu Boko,Budaya,Yogyakarta,75000,4.6,90,666
291,"Lampung,Sumatera Selatan",25,20-30,243,4,Kampung Korea Bandung,Budaya,Bandung,15000,4.1,,360
291,"Lampung,Sumatera Selatan",25,20-30,20,4,Museum Taman Prasasti,Budaya,Jakarta,2000,4.5,90,238
291,"Lampung,Sumatera Selatan",25,20-30,18,2,Museum Bank Indonesia,Budaya,Jakarta,2000,4.7,,235
270,"Lampung,Sumatera Selatan",25,20-30,194,4,Pantai Wediombo,Bahari,Yogyakarta,5000,4.5,,711
291,"Lampung,Sumatera Selatan",25,20-30,148,4,Goa Rancang Kencono,Cagar Alam,Yogyakarta,5000,4.3,30,677
291,"Lampung,Sumatera Selatan",25,20-30,264,4,Gereja Katedral Santo Petrus Bandung,Tempat Ibadah,Bandung,0,4.8,,358
270,"Lampung,Sumatera Selatan",25,20-30,245,3,Jendela Alam,Taman Hiburan,Bandung,20000,4.4,150,349
291,"Lampung,Sumatera Selatan",25,20-30,431,4,Taman Hiburan Rakyat,Taman Hiburan,Surabaya,5000,4.2,,866
291,"Lampung,Sumatera Selatan",25,20-30,239,5,Lembang Park & Zoo,Cagar Alam,Bandung,50000,4.5,210,348
270,"Lampung,Sumatera Selatan",25,20-30,437,1,Gereja Perawan Maria Tak Berdosa Surabaya,Tempat Ibadah,Surabaya,10000,4.8,,864
270,"Lampung,Sumatera Selatan",25,20-30,201,3,Pantai Kesirat,Bahari,Yogyakarta,5000,4.6,90,681
270,"Lampung,Sumatera Selatan",25,20-30,309,3,Observatorium Bosscha,Cagar Alam,Bandung,25000,4.5,,351
291,"Lampung,Sumatera Selatan",25,20-30,64,2,Museum Sasmita Loka Ahmad Yani,Budaya,Jakarta,2000,4.7,45,242
78,"Lampung,Sumatera Selatan",22,20-30,226,4,Kawasan Punclut,Taman Hiburan,Bandung,20000,4.4,120,353
78,"Lampung,Sumatera Selatan",22,20-30,401,3,Taman Keputran,Taman Hiburan,Surabaya,0,4.3,,866
78,"Lampung,Sumatera Selatan",22,20-30,285,2,Taman Sejarah Bandung,Budaya,Bandung,0,4.6,45,357
78,"Lampung,Sumatera Selatan",22,20-30,232,3,Bukit Moko,Cagar Alam,Bandung,25000,4.5,,357
78,"Lampung,Sumatera Selatan",22,20-30,7,4,Kebun Binatang Ragunan,Cagar Alam,Jakarta,4000,4.5,,250
78,"Lampung,Sumatera Selatan",22,20-30,321,4,Glamping Lakeside Rancabali,Taman Hiburan,Bandung,30000,4.4,,361
78,"Lampung,Sumatera Selatan",22,20-30,155,5,Pantai Ngobaran,Bahari,Yogyakarta,5000,4.6,,688
78,"Lampung,Sumatera Selatan",22,20-30,120,3,Bukit Panguk Kediwung,Budaya,Yogyakarta,250000,4.5,90,673
78,"Lampung,Sumatera Selatan",22,20-30,407,5,Taman Ekspresi Dan Perpustakaan,Taman Hiburan,Surabaya,0,4.5,45,865
78,"Lampung,Sumatera Selatan",22,20-30,300,4,Sanghyang Heuleut,Cagar Alam,Bandung,10000,4.4,,335
78,"Lampung,Sumatera Selatan",22,20-30,169,4,Puncak Segoro,Cagar Alam,Yogyakarta,5000,4.2,90,683
78,"Lampung,Sumatera Selatan",22,20-30,407,4,Taman Ekspresi Dan Perpustakaan,Taman Hiburan,Surabaya,0,4.5,45,865
78,"Lampung,Sumatera Selatan",22,20-30,341,1,Hutan Wisata Tinjomoyo Semarang,Cagar Alam,Semarang,3000,4.3,,617
78,"Lampung,Sumatera Selatan",22,20-30,59,1,Museum Sumpah Pemuda,Budaya,Jakarta,2000,4.7,,241
78,"Lampung,Sumatera Selatan",22,20-30,199,5,Pantai Sedahan,Bahari,Yogyakarta,5000,4.5,,713
78,"Lampung,Sumatera Selatan",22,20-30,291,5,Water Park Bandung Indah,Taman Hiburan,Bandung,50000,4.0,,361
78,"Lampung,Sumatera Selatan",22,20-30,7,2,Kebun Binatang Ragunan,Cagar Alam,Jakarta,4000,4.5,,250
78,"Lampung,Sumatera Selatan",22,20-30,326,4,Taman Kupu-Kupu Cihanjuang,Cagar Alam,Bandung,10000,4.0,,350
78,"Lampung,Sumatera Selatan",22,20-30,260,5,Museum Pos Indonesia,Budaya,Bandung,0,4.5,,358
78,"Lampung,Sumatera Selatan",22,20-30,108,3,Embung Tambakboyo,Taman Hiburan,Yogyakarta,0,4.4,,658
78,"Lampung,Sumatera Selatan",22,20-30,293,5,Taman Badak,Taman Hiburan,Bandung,0,4.5,,358
78,"Lampung,Sumatera Selatan",22,20-30,276,2,Taman Jomblo,Taman Hiburan,Bandung,10000,4.1,30,356
78,"Lampung,Sumatera Selatan",22,20-30,248,3,NuArt Sculpture Park,Taman Hiburan,Bandung,50000,4.7,,352
78,"Lampung,Sumatera Selatan",22,20-30,248,4,NuArt Sculpture Park,Taman Hiburan,Bandung,50000,4.7,,352
78,"Lampung,Sumatera Selatan",22,20-30,245,4,Jendela Alam,Taman Hiburan,Bandung,20000,4.4,150,349
78,"Lampung,Sumatera Selatan",22,20-30,11,2,Pulau Bidadari,Bahari,Jakarta,5000,4.6,,221
78,"Lampung,Sumatera Selatan",22,20-30,381,3,Tugu Muda Semarang,Budaya,Semarang,0,4.7,,616
78,"Lampung,Sumatera Selatan",22,20-30,68,1,Pasar Petak Sembilan,Pusat Perbelanjaan,Jakarta,0,4.4,45,235
78,"Lampung,Sumatera Selatan",22,20-30,368,4,Kampoeng Rawa,Cagar Alam,Semarang,3000,4.5,,631
78,"Lampung,Sumatera Selatan",22,20-30,416,3,Keraton Surabaya,Budaya,Surabaya,0,4.4,,870
78,"Lampung,Sumatera Selatan",22,20-30,181,1,Pantai Sundak,Bahari,Yogyakarta,5000,4.5,,700
78,"Lampung,Sumatera Selatan",22,20-30,151,3,Desa Wisata Kelor,Taman Hiburan,Yogyakarta,0,4.4,90,646
78,"Lampung,Sumatera Selatan",22,20-30,62,5,Taman Legenda Keong Emas,Taman Hiburan,Jakarta,30000,4.5,,254
78,"Lampung,Sumatera Selatan",22,20-30,76,4,Taman Cattleya,Taman Hiburan,Jakarta,20000,4.5,,237
78,"Lampung,Sumatera Selatan",22,20-30,307,5,Perkebunan Teh Malabar,Cagar Alam,Bandung,5000,4.4,,384
78,"Lampung,Sumatera Selatan",22,20-30,117,5,The World Landmarks - Merapi Park Yogyakarta,Taman Hiburan,Yogyakarta,22000,4.2,90,651
78,"Lampung,Sumatera Selatan",22,20-30,113,4,Gedung Agung Yogyakarta,Budaya,Yogyakarta,0,4.6,,656
202,"Lampung,Sumatera Selatan",21,20-30,326,4,Taman Kupu-Kupu Cihanjuang,Cagar Alam,Bandung,10000,4.0,,350
58,"Lampung,Sumatera Selatan",21,20-30,252,2,Kampoeng Tulip,Taman Hiburan,Bandung,15000,3.8,60,366
202,"Lampung,Sumatera Selatan",21,20-30,365,3,Waduk Jatibarang,Cagar Alam,Semarang,2500,4.3,,612
58,"Lampung,Sumatera Selatan",21,20-30,52,5,Kampung Cina,Budaya,Jakarta,15000,4.5,,251
131,"Lampung,Sumatera Selatan",21,20-30,15,1,Pasar Seni,Pusat Perbelanjaan,Jakarta,0,4.4,90,240
58,"Lampung,Sumatera Selatan",21,20-30,374,2,Hutan Pinus Kayon,Cagar Alam,Semarang,6000,4.4,,641
58,"Lampung,Sumatera Selatan",21,20-30,285,1,Taman Sejarah Bandung,Budaya,Bandung,0,4.6,45,357
202,"Lampung,Sumatera Selatan",21,20-30,338,2,Lawang Sewu,Budaya,Semarang,10000,4.6,,616
202,"Lampung,Sumatera Selatan",21,20-30,26,2,Pecinan Glodok,Pusat Perbelanjaan,Jakarta,0,4.3,20,235
58,"Lampung,Sumatera Selatan",21,20-30,408,5,Kebun Binatang Surabaya,Cagar Alam,Surabaya,15000,4.3,180,866
131,"Lampung,Sumatera Selatan",21,20-30,118,1,Museum Sonobudoyo Unit I,Budaya,Yogyakarta,5000,4.6,120,656
131,"Lampung,Sumatera Selatan",21,20-30,239,2,Lembang Park & Zoo,Cagar Alam,Bandung,50000,4.5,210,348
202,"Lampung,Sumatera Selatan",21,20-30,237,4,Panghegar Waterboom Bandung,Taman Hiburan,Bandung,75000,4.3,,363
131,"Lampung,Sumatera Selatan",21,20-30,219,2,Tebing Karaton,Cagar Alam,Bandung,15000,4.5,,355
202,"Lampung,Sumatera Selatan",21,20-30,200,3,Pantai Watu Kodok,Bahari,Yogyakarta,5000,4.6,,696
202,"Lampung,Sumatera Selatan",21,20-30,51,5,Jakarta Planetarium,Taman Hiburan,Jakarta,12000,4.1,120,241
202,"Lampung,Sumatera Selatan",21,20-30,174,4,Pasar Beringharjo,Pusat Perbelanjaan,Yogyakarta,0,4.5,60,656
58,"Lampung,Sumatera Selatan",21,20-30,16,4,Jembatan Kota Intan,Budaya,Jakarta,0,4.3,,234
131,"Lampung,Sumatera Selatan",21,20-30,408,2,Kebun Binatang Surabaya,Cagar Alam,Surabaya,15000,4.3,180,866
131,"Lampung,Sumatera Selatan",21,20-30,293,2,Taman Badak,Taman Hiburan,Bandung,0,4.5,,358
131,"Lampung,Sumatera Selatan",21,20-30,393,4,Taman Harmoni Keputih,Cagar Alam,Surabaya,0,4.4,60,873
131,"Lampung,Sumatera Selatan",21,20-30,244,4,Kampung Batu Malakasari,Taman Hiburan,Bandung,10000,4.1,,365
202,"Lampung,Sumatera Selatan",21,20-30,60,3,Museum Tekstil,Budaya,Jakarta,5000,4.5,45,239
202,"Lampung,Sumatera Selatan",21,20-30,14,4,Pulau Pelangi,Bahari,Jakarta,900000,4.8,,174
131,"Lampung,Sumatera Selatan",21,20-30,121,4,Candi Prambanan,Budaya,Yogyakarta,50000,4.7,,665
131,"Lampung,Sumatera Selatan",21,20-30,111,4,Puncak Pinus Becici,Taman Hiburan,Yogyakarta,3000,4.5,,669
58,"Lampung,Sumatera Selatan",21,20-30,373,2,Museum Kereta Ambarawa,Budaya,Semarang,10000,4.5,60,629
202,"Lampung,Sumatera Selatan",21,20-30,370,2,Benteng Pendem,Budaya,Semarang,5000,4.2,60,630
58,"Lampung,Sumatera Selatan",21,20-30,324,4,Happyfarm Ciwidey,Cagar Alam,Bandung,15000,4.2,90,362
131,"Lampung,Sumatera Selatan",21,20-30,244,4,Kampung Batu Malakasari,Taman Hiburan,Bandung,10000,4.1,,365
202,"Lampung,Sumatera Selatan",21,20-30,361,5,Wisata Kampung Krisan Clapar,Taman Hiburan,Semarang,10000,4.1,,624
58,"Lampung,Sumatera Selatan",21,20-30,231,4,The Great Asia Africa,Taman Hiburan,Bandung,50000,4.4,180,351
58,"Lampung,Sumatera Selatan",21,20-30,188,2,Pantai Sadranan,Bahari,Yogyakarta,10000,4.6,,699
131,"Lampung,Sumatera Selatan",21,20-30,313,1,Taman Begonia,Cagar Alam,Bandung,10000,4.4,90,353
202,"Lampung,Sumatera Selatan",21,20-30,244,4,Kampung Batu Malakasari,Taman Hiburan,Bandung,10000,4.1,,365
202,"Lampung,Sumatera Selatan",21,20-30,397,1,Taman Kunang-Kunang,Taman Hiburan,Surabaya,0,4.4,45,872
58,"Lampung,Sumatera Selatan",21,20-30,13,1,Pulau Pramuka,Bahari,Jakarta,5000,4.2,,188
202,"Lampung,Sumatera Selatan",21,20-30,289,2,Curug Aseupan,Cagar Alam,Bandung,10000,4.7,,345
202,"Lampung,Sumatera Selatan",21,20-30,372,2,Gua Maria Kerep Ambarawa,Cagar Alam,Semarang,2000,4.8,,628
58,"Lampung,Sumatera Selatan",21,20-30,403,1,Taman Barunawati,Taman Hiburan,Surabaya,0,4.2,30,863
58,"Lampung,Sumatera Selatan",21,20-30,348,3,Pura Giri Natha,Budaya,Semarang,20000,4.7,,616
58,"Lampung,Sumatera Selatan",21,20-30,154,4,Pantai Ngrawe (Mesra),Bahari,Yogyakarta,10000,4.5,,694
131,"Lampung,Sumatera Selatan",21,20-30,99,5,Kampung Wisata Kadipaten,Budaya,Yogyakarta,0,4.4,,656
58,"Lampung,Sumatera Selatan",21,20-30,50,2,Museum Joang 45,Budaya,Jakarta,2000,4.0,,240
202,"Lampung,Sumatera Selatan",21,20-30,256,4,Wisata Batu Kuda,Cagar Alam,Bandung,10000,4.4,,366
58,"Lampung,Sumatera Selatan",21,20-30,422,5,Monumen Jalesveva Jayamahe,Budaya,Surabaya,0,4.6,15,862
131,"Lampung,Sumatera Selatan",21,20-30,83,4,Alive Museum Ancol,Taman Hiburan,Jakarta,200000,4.3,,236
131,"Lampung,Sumatera Selatan",21,20-30,329,3,Bukit Gantole Cililin,Cagar Alam,Bandung,0,4.4,45,351
58,"Lampung,Sumatera Selatan",21,20-30,372,4,Gua Maria Kerep Ambarawa,Cagar Alam,Semarang,2000,4.8,,628
202,"Lampung,Sumatera Selatan",21,20-30,266,1,Caringin Tilu,Cagar Alam,Bandung,0,4.4,,357
202,"Lampung,Sumatera Selatan",21,20-30,260,2,Museum Pos Indonesia,Budaya,Bandung,0,4.5,,358
58,"Lampung,Sumatera Selatan",21,20-30,388,2,Watu Gunung Ungaran,Cagar Alam,Semarang,25000,4.4,,621
202,"Lampung,Sumatera Selatan",21,20-30,65,1,Museum Basoeki Abdullah,Budaya,Jakarta,1000,4.6,90,246
58,"Lampung,Sumatera Selatan",21,20-30,64,1,Museum Sasmita Loka Ahmad Yani,Budaya,Jakarta,2000,4.7,45,242
58,"Lampung,Sumatera Selatan",21,20-30,352,5,GPIB Immanuel Semarang (Gereja Blenduk),Tempat Ibadah,Semarang,0,4.6,,617
131,"Lampung,Sumatera Selatan",21,20-30,113,4,Gedung Agung Yogyakarta,Budaya,Yogyakarta,0,4.6,,656
131,"Lampung,Sumatera Selatan",21,20-30,393,3,Taman Harmoni Keputih,Cagar Alam,Surabaya,0,4.4,60,873
131,"Lampung,Sumatera Selatan",21,20-30,303,5,Masjid Al-Imtizaj,Tempat Ibadah,Bandung,0,4.7,,358
58,"Lampung,Sumatera Selatan",21,20-30,288,3,Masjid Salman ITB,Tempat Ibadah,Bandung,0,4.8,,356
131,"Lampung,Sumatera Selatan",21,20-30,389,2,Brown Canyon,Cagar Alam,Semarang,0,4.2,30,627
58,"Lampung,Sumatera Selatan",21,20-30,38,5,Istana Negara Republik Indonesia,Budaya,Jakarta,0,4.6,,238
131,"Lampung,Sumatera Selatan",21,20-30,157,4,Pantai Baron,Bahari,Yogyakarta,10000,4.4,,693
131,"Lampung,Sumatera Selatan",21,20-30,138,1,Jogja Exotarium,Taman Hiburan,Yogyakarta,20000,4.4,120,651
58,"Lampung,Sumatera Selatan",21,20-30,114,2,The Lost World Castle,Taman Hiburan,Yogyakarta,30000,4.3,,652
202,"Lampung,Sumatera Selatan",21,20-30,419,1,Monumen Tugu Pahlawan,Budaya,Surabaya,0,4.7,30,864
202,"Lampung,Sumatera Selatan",21,20-30,277,1,Peta Park,Taman Hiburan,Bandung,15000,4.3,,358
202,"Lampung,Sumatera Selatan",21,20-30,360,5,Air Terjun Kali Pancur,Cagar Alam,Semarang,5000,4.1,,636
131,"Lampung,Sumatera Selatan",21,20-30,19,1,Kidzania,Taman Hiburan,Jakarta,185000,4.6,300,242
131,"Lampung,Sumatera Selatan",21,20-30,26,1,Pecinan Glodok,Pusat Perbelanjaan,Jakarta,0,4.3,20,235
131,"Lampung,Sumatera Selatan",21,20-30,407,5,Taman Ekspresi Dan Perpustakaan,Taman Hiburan,Surabaya,0,4.5,45,865
131,"Lampung,Sumatera Selatan",21,20-30,325,4,Saung Angklung Mang Udjo,Budaya,Bandung,75000,4.7,,360
58,"Lampung,Sumatera Selatan",21,20-30,18,1,Museum Bank Indonesia,Budaya,Jakarta,2000,4.7,,235
202,"Lampung,Sumatera Selatan",21,20-30,398,5,Taman Buah Surabaya,Taman Hiburan,Surabaya,0,4.1,30,871
58,"Lampung,Sumatera Selatan",21,20-30,376,5,Semarang Chinatown,Budaya,Semarang,30000,4.5,30,617
202,"Lampung,Sumatera Selatan",21,20-30,415,2,Museum De Javasche Bank,Budaya,Surabaya,5000,4.6,60,864
58,"Lampung,Sumatera Selatan",21,20-30,405,2,Surabaya North Quay,Taman Hiburan,Surabaya,50000,4.4,,862
131,"Lampung,Sumatera Selatan",21,20-30,302,2,Masjid Pusdai,Tempat Ibadah,Bandung,0,4.7,,358
58,"Lampung,Sumatera Selatan",21,20-30,47,2,Taman Situ Lembang,Taman Hiburan,Jakarta,0,4.5,,241
58,"Lampung,Sumatera Selatan",21,20-30,327,3,Taman Miniatur Kereta Api,Taman Hiburan,Bandung,15000,4.4,,351
131,"Lampung,Sumatera Selatan",21,20-30,169,2,Puncak Segoro,Cagar Alam,Yogyakarta,5000,4.2,90,683
131,"Lampung,Sumatera Selatan",21,20-30,158,2,Pantai Pok Tunggal,Bahari,Yogyakarta,10000,4.5,,701
58,"Lampung,Sumatera Selatan",21,20-30,135,4,Kawasan Wisata Sosrowijayan,Pusat Perbelanjaan,Yogyakarta,0,4.0,,655
202,"Lampung,Sumatera Selatan",21,20-30,171,4,Candi Ijo,Budaya,Yogyakarta,5000,4.6,60,669
131,"Lampung,Sumatera Selatan",21,20-30,297,4,Mountain View Golf Club,Cagar Alam,Bandung,375000,4.4,120,357
58,"Lampung,Sumatera Selatan",21,20-30,275,1,Curug Cipanas,Cagar Alam,Bandung,20000,3.9,180,347
202,"Lampung,Sumatera Selatan",21,20-30,303,5,Masjid Al-Imtizaj,Tempat Ibadah,Bandung,0,4.7,,358
58,"Lampung,Sumatera Selatan",21,20-30,144,1,Goa Jomblang,Cagar Alam,Yogyakarta,500000,4.6,,695
131,"Lampung,Sumatera Selatan",21,20-30,426,1,Balai Kota Surabaya,Budaya,Surabaya,0,4.7,60,866
202,"Lampung,Sumatera Selatan",21,20-30,348,4,Pura Giri Natha,Budaya,Semarang,20000,4.7,,616
131,"Lampung,Sumatera Selatan",21,20-30,22,2,Masjid Istiqlal,Tempat Ibadah,Jakarta,0,4.7,,239
58,"Lampung,Sumatera Selatan",21,20-30,42,2,Museum Seni Rupa dan Kramik,Budaya,Jakarta,5000,4.4,,234
131,"Lampung,Sumatera Selatan",21,20-30,418,4,Museum Sepuluh Nopember Kota Surabaya,Budaya,Surabaya,5000,4.7,,864
202,"Lampung,Sumatera Selatan",21,20-30,381,5,Tugu Muda Semarang,Budaya,Semarang,0,4.7,,616
202,"Lampung,Sumatera Selatan",21,20-30,403,5,Taman Barunawati,Taman Hiburan,Surabaya,0,4.2,30,863
202,"Lampung,Sumatera Selatan",21,20-30,164,5,Pintoe Langit Dahromo,Cagar Alam,Yogyakarta,2500,4.4,60,670
202,"Lampung,Sumatera Selatan",21,20-30,257,5,Monumen Bandung Lautan Api,Budaya,Bandung,0,4.3,,359
58,"Lampung,Sumatera Selatan",21,20-30,300,4,Sanghyang Heuleut,Cagar Alam,Bandung,10000,4.4,,335
58,"Lampung,Sumatera Selatan",21,20-30,398,3,Taman Buah Surabaya,Taman Hiburan,Surabaya,0,4.1,30,871
202,"Lampung,Sumatera Selatan",21,20-30,381,1,Tugu Muda Semarang,Budaya,Semarang,0,4.7,,616
131,"Lampung,Sumatera Selatan",21,20-30,387,5,Obyek Wisata Goa Kreo,Cagar Alam,Semarang,5500,4.3,60,612
202,"Lampung,Sumatera Selatan",21,20-30,369,5,Monumen Palagan Ambarawa,Budaya,Semarang,7500,4.4,20,629
202,"Lampung,Sumatera Selatan",21,20-30,81,1,Mall Thamrin City,Pusat Perbelanjaan,Jakarta,0,4.4,60,240
131,"Lampung,Sumatera Selatan",21,20-30,114,4,The Lost World Castle,Taman Hiburan,Yogyakarta,30000,4.3,,652
131,"Lampung,Sumatera Selatan",21,20-30,25,1,Pasar Tanah Abang,Pusat Perbelanjaan,Jakarta,0,4.0,45,239
58,"Lampung,Sumatera Selatan",21,20-30,89,2,De Mata Museum Jogja,Budaya,Yogyakarta,50000,4.4,,659
131,"Lampung,Sumatera Selatan",21,20-30,301,2,Lereng Anteng Panoramic Coffee Place,Cagar Alam,Bandung,50000,4.4,150,353
131,"Lampung,Sumatera Selatan",21,20-30,380,3,Masjid Agung Ungaran,Tempat Ibadah,Semarang,0,4.7,,623
58,"Lampung,Sumatera Selatan",21,20-30,430,5,Atlantis Land Surabaya,Taman Hiburan,Surabaya,125000,4.4,120,871
58,"Lampung,Sumatera Selatan",21,20-30,64,2,Museum Sasmita Loka Ahmad Yani,Budaya,Jakarta,2000,4.7,45,242
131,"Lampung,Sumatera Selatan",21,20-30,369,2,Monumen Palagan Ambarawa,Budaya,Semarang,7500,4.4,20,629
131,"Lampung,Sumatera Selatan",21,20-30,335,1,Candi Gedong Songo,Budaya,Semarang,10000,4.5,,620
58,"Lampung,Sumatera Selatan",21,20-30,111,3,Puncak Pinus Becici,Taman Hiburan,Yogyakarta,3000,4.5,,669
223,"Palembang,Sumatera Selatan",20,20-30,132,2,Air Terjun Kedung Pedut,Cagar Alam,Yogyakarta,20000,4.5,60,796
217,"Lampung,Sumatera Selatan",20,20-30,363,3,Pantai Maron,Bahari,Semarang,5000,3.4,,609
223,"Palembang,Sumatera Selatan",20,20-30,327,3,Taman Miniatur Kereta Api,Taman Hiburan,Bandung,15000,4.4,,531
217,"Lampung,Sumatera Selatan",20,20-30,278,2,Masjid Daarut Tauhiid Bandung,Tempat Ibadah,Bandung,0,4.9,,352
223,"Palembang,Sumatera Selatan",20,20-30,12,1,Pulau Pari,Bahari,Jakarta,150000,4.0,,383
5,"Lampung,Sumatera Selatan",20,20-30,4,3,Taman Mini Indonesia Indah (TMII),Taman Hiburan,Jakarta,10000,4.5,,254
223,"Palembang,Sumatera Selatan",20,20-30,296,2,Batununggal Indah Club,Taman Hiburan,Bandung,70000,4.4,,544
223,"Palembang,Sumatera Selatan",20,20-30,181,4,Pantai Sundak,Bahari,Yogyakarta,5000,4.5,,864
217,"Lampung,Sumatera Selatan",20,20-30,430,5,Atlantis Land Surabaya,Taman Hiburan,Surabaya,125000,4.4,120,871
223,"Palembang,Sumatera Selatan",20,20-30,426,3,Balai Kota Surabaya,Budaya,Surabaya,0,4.7,60,1
223,"Palembang,Sumatera Selatan",20,20-30,222,1,Museum Konferensi Asia Afrika,Budaya,Bandung,0,4.6,60,539
223,"Palembang,Sumatera Selatan",20,20-30,106,3,Kawasan Malioboro,Taman Hiburan,Yogyakarta,0,4.8,,818
223,"Palembang,Sumatera Selatan",20,20-30,275,1,Curug Cipanas,Cagar Alam,Bandung,20000,3.9,180,527
223,"Palembang,Sumatera Selatan",20,20-30,160,5,Pasar Kebon Empring Bintaran,Pusat Perbelanjaan,Yogyakarta,0,4.4,,829
217,"Lampung,Sumatera Selatan",20,20-30,80,5,Plaza Indonesia,Pusat Perbelanjaan,Jakarta,0,4.7,120,240
217,"Lampung,Sumatera Selatan",20,20-30,309,2,Observatorium Bosscha,Cagar Alam,Bandung,25000,4.5,,351
217,"Lampung,Sumatera Selatan",20,20-30,54,3,Taman Agrowisata Cilangkap,Taman Hiburan,Jakarta,0,4.2,,258
5,"Lampung,Sumatera Selatan",20,20-30,436,5,Taman Flora Bratang Surabaya,Taman Hiburan,Surabaya,0,4.6,,868
217,"Lampung,Sumatera Selatan",20,20-30,76,1,Taman Cattleya,Taman Hiburan,Jakarta,20000,4.5,,237
5,"Lampung,Sumatera Selatan",20,20-30,159,2,Hutan Pinus Asri,Cagar Alam,Yogyakarta,2500,4.5,,670
223,"Palembang,Sumatera Selatan",20,20-30,231,3,The Great Asia Africa,Taman Hiburan,Bandung,50000,4.4,180,531
217,"Lampung,Sumatera Selatan",20,20-30,271,4,Taman Vanda,Taman Hiburan,Bandung,0,4.3,45,358
223,"Palembang,Sumatera Selatan",20,20-30,107,5,Bangsal Pagelaran,Budaya,Yogyakarta,5000,4.6,,819
223,"Palembang,Sumatera Selatan",20,20-30,292,1,Curug Anom,Cagar Alam,Bandung,0,4.6,,527
5,"Lampung,Sumatera Selatan",20,20-30,166,3,Kebun Teh Nglinggo,Cagar Alam,Yogyakarta,6000,4.5,,626
217,"Lampung,Sumatera Selatan",20,20-30,268,1,Sudut Pandang Bandung,Taman Hiburan,Bandung,50000,4.6,150,353
5,"Lampung,Sumatera Selatan",20,20-30,300,4,Sanghyang Heuleut,Cagar Alam,Bandung,10000,4.4,,335
217,"Lampung,Sumatera Selatan",20,20-30,246,5,Curug Tilu Leuwi Opat,Cagar Alam,Bandung,10000,4.4,120,346
5,"Lampung,Sumatera Selatan",20,20-30,151,5,Desa Wisata Kelor,Taman Hiburan,Yogyakarta,0,4.4,90,646
217,"Lampung,Sumatera Selatan",20,20-30,420,4,Surabaya Museum (Gedung Siola),Budaya,Surabaya,0,4.5,45,864
223,"Palembang,Sumatera Selatan",20,20-30,289,5,Curug Aseupan,Cagar Alam,Bandung,10000,4.7,,526
223,"Palembang,Sumatera Selatan",20,20-30,66,2,Museum Layang-layang,Budaya,Jakarta,10000,4.5,90,433
223,"Palembang,Sumatera Selatan",20,20-30,95,4,Desa Wisata Sungai Code Jogja Kota,Taman Hiburan,Yogyakarta,0,5.0,,821
5,"Lampung,Sumatera Selatan",20,20-30,391,2,Flower Farm Setiya Aji,Cagar Alam,Semarang,7500,4.1,45,625
5,"Lampung,Sumatera Selatan",20,20-30,321,3,Glamping Lakeside Rancabali,Taman Hiburan,Bandung,30000,4.4,,361
223,"Palembang,Sumatera Selatan",20,20-30,11,4,Pulau Bidadari,Bahari,Jakarta,5000,4.6,,404
5,"Lampung,Sumatera Selatan",20,20-30,301,2,Lereng Anteng Panoramic Coffee Place,Cagar Alam,Bandung,50000,4.4,150,353
223,"Palembang,Sumatera Selatan",20,20-30,36,3,Skyrink - Mall Taman Anggrek,Taman Hiburan,Jakarta,110000,4.5,180,420
223,"Palembang,Sumatera Selatan",20,20-30,290,3,Museum Pendidikan Nasional,Budaya,Bandung,5000,4.6,,533
217,"Lampung,Sumatera Selatan",20,20-30,12,4,Pulau Pari,Bahari,Jakarta,150000,4.0,,199
5,"Lampung,Sumatera Selatan",20,20-30,381,3,Tugu Muda Semarang,Budaya,Semarang,0,4.7,,616
5,"Lampung,Sumatera Selatan",20,20-30,61,3,Tugu Proklamasi,Budaya,Jakarta,0,4.6,,243
5,"Lampung,Sumatera Selatan",20,20-30,283,4,Jembatan Pasupati,Taman Hiburan,Bandung,0,4.6,,356
5,"Lampung,Sumatera Selatan",20,20-30,433,4,Museum Mpu Tantular,Budaya,Surabaya,2000,4.4,45,870
217,"Lampung,Sumatera Selatan",20,20-30,208,3,Taman Sungai Mudal,Cagar Alam,Yogyakarta,10000,4.6,150,631
5,"Lampung,Sumatera Selatan",20,20-30,395,2,Taman Prestasi,Taman Hiburan,Surabaya,0,4.6,,865
5,"Lampung,Sumatera Selatan",20,20-30,190,2,Pantai Samas,Bahari,Yogyakarta,4000,4.0,45,660
217,"Lampung,Sumatera Selatan",20,20-30,178,2,Goa Pindul,Cagar Alam,Yogyakarta,40000,4.5,,691
5,"Lampung,Sumatera Selatan",20,20-30,420,3,Surabaya Museum (Gedung Siola),Budaya,Surabaya,0,4.5,45,864
223,"Palembang,Sumatera Selatan",20,20-30,262,1,Wot Batu,Cagar Alam,Bandung,50000,4.7,,536
217,"Lampung,Sumatera Selatan",20,20-30,147,2,Bentara Budaya Yogyakarta (BBY),Budaya,Yogyakarta,0,4.5,,656
223,"Palembang,Sumatera Selatan",20,20-30,75,2,SnowBay Waterpark,Taman Hiburan,Jakarta,180000,4.3,,438
217,"Lampung,Sumatera Selatan",20,20-30,2,3,Kota Tua,Budaya,Jakarta,0,4.6,90,235
223,"Palembang,Sumatera Selatan",20,20-30,41,4,Museum Bahari Jakarta,Budaya,Jakarta,2000,4.4,120,417
217,"Lampung,Sumatera Selatan",20,20-30,236,2,Taman Balai Kota Bandung,Taman Hiburan,Bandung,0,4.6,45,358
5,"Lampung,Sumatera Selatan",20,20-30,301,2,Lereng Anteng Panoramic Coffee Place,Cagar Alam,Bandung,50000,4.4,150,353
223,"Palembang,Sumatera Selatan",20,20-30,78,1,Hutan Kota Srengseng,Taman Hiburan,Jakarta,1000,4.3,,422
217,"Lampung,Sumatera Selatan",20,20-30,362,4,Danau Rawa Pening,Cagar Alam,Semarang,15000,4.4,,633
5,"Lampung,Sumatera Selatan",20,20-30,68,5,Pasar Petak Sembilan,Pusat Perbelanjaan,Jakarta,0,4.4,45,235
5,"Lampung,Sumatera Selatan",20,20-30,346,4,Indonesia Kaya Park,Taman Hiburan,Semarang,0,4.6,45,617
217,"Lampung,Sumatera Selatan",20,20-30,64,1,Museum Sasmita Loka Ahmad Yani,Budaya,Jakarta,2000,4.7,45,242
223,"Palembang,Sumatera Selatan",20,20-30,181,5,Pantai Sundak,Bahari,Yogyakarta,5000,4.5,,864
5,"Lampung,Sumatera Selatan",20,20-30,397,5,Taman Kunang-Kunang,Taman Hiburan,Surabaya,0,4.4,45,872
223,"Palembang,Sumatera Selatan",20,20-30,124,2,Kauman Pakualaman Yogyakarta,Budaya,Yogyakarta,0,5.0,,820
223,"Palembang,Sumatera Selatan",20,20-30,358,4,Masjid Kapal Semarang,Tempat Ibadah,Semarang,0,4.1,,759
5,"Lampung,Sumatera Selatan",20,20-30,67,4,Margasatwa Muara Angke,Cagar Alam,Jakarta,25000,4.2,15,230
217,"Lampung,Sumatera Selatan",20,20-30,394,3,Air Mancur Menari,Taman Hiburan,Surabaya,35000,4.4,45,870
217,"Lampung,Sumatera Selatan",20,20-30,375,1,Kota Lama Semarang,Budaya,Semarang,0,4.7,90,617
217,"Lampung,Sumatera Selatan",20,20-30,153,5,Pantai Kukup,Bahari,Yogyakarta,10000,4.0,,694
223,"Palembang,Sumatera Selatan",20,20-30,347,2,Taman Pandanaran,Taman Hiburan,Semarang,0,4.4,45,768
5,"Lampung,Sumatera Selatan",20,20-30,9,5,Pelabuhan Marina,Bahari,Jakarta,175000,4.4,,648
5,"Lampung,Sumatera Selatan",20,20-30,434,4,Taman Bungkul,Taman Hiburan,Surabaya,0,4.6,,866
5,"Lampung,Sumatera Selatan",20,20-30,421,4,Museum Kesehatan Dr. Adhyatma,Budaya,Surabaya,10000,4.4,,863
5,"Lampung,Sumatera Selatan",20,20-30,321,3,Glamping Lakeside Rancabali,Taman Hiburan,Bandung,30000,4.4,,361
223,"Palembang,Sumatera Selatan",20,20-30,233,5,Gunung Papandayan,Cagar Alam,Bandung,30000,4.6,,583
223,"Palembang,Sumatera Selatan",20,20-30,299,3,Sendang Geulis Kahuripan,Cagar Alam,Bandung,10000,4.3,120,515
223,"Palembang,Sumatera Selatan",20,20-30,371,5,Wisata Eling Bening,Cagar Alam,Semarang,25000,4.3,90,786
5,"Lampung,Sumatera Selatan",20,20-30,27,2,Sea World,Taman Hiburan,Jakarta,115000,4.5,180,236
5,"Lampung,Sumatera Selatan",20,20-30,55,5,Klenteng Jin De Yuan,Tempat Ibadah,Jakarta,0,4.5,,235
217,"Lampung,Sumatera Selatan",20,20-30,253,3,Selasar Sunaryo Art Space,Taman Hiburan,Bandung,25000,4.6,,355
217,"Lampung,Sumatera Selatan",20,20-30,197,5,Pantai Jungwok,Bahari,Yogyakarta,5000,4.6,,712
217,"Lampung,Sumatera Selatan",20,20-30,437,1,Gereja Perawan Maria Tak Berdosa Surabaya,Tempat Ibadah,Surabaya,10000,4.8,,864
217,"Lampung,Sumatera Selatan",20,20-30,14,2,Pulau Pelangi,Bahari,Jakarta,900000,4.8,,174
5,"Lampung,Sumatera Selatan",20,20-30,143,4,Seribu Batu Songgo Langit,Cagar Alam,Yogyakarta,2000,4.6,90,670
217,"Lampung,Sumatera Selatan",20,20-30,252,2,Kampoeng Tulip,Taman Hiburan,Bandung,15000,3.8,60,366
217,"Lampung,Sumatera Selatan",20,20-30,338,3,Lawang Sewu,Budaya,Semarang,10000,4.6,,616
5,"Lampung,Sumatera Selatan",20,20-30,368,3,Kampoeng Rawa,Cagar Alam,Semarang,3000,4.5,,631
223,"Palembang,Sumatera Selatan",20,20-30,97,4,Monumen Yogya Kembali,Budaya,Yogyakarta,15000,4.5,30,816
5,"Lampung,Sumatera Selatan",20,20-30,335,3,Candi Gedong Songo,Budaya,Semarang,10000,4.5,,620
223,"Palembang,Sumatera Selatan",20,20-30,19,5,Kidzania,Taman Hiburan,Jakarta,185000,4.6,300,426
5,"Lampung,Sumatera Selatan",20,20-30,407,3,Taman Ekspresi Dan Perpustakaan,Taman Hiburan,Surabaya,0,4.5,45,865
223,"Palembang,Sumatera Selatan",20,20-30,62,1,Taman Legenda Keong Emas,Taman Hiburan,Jakarta,30000,4.5,,438
217,"Lampung,Sumatera Selatan",20,20-30,421,1,Museum Kesehatan Dr. Adhyatma,Budaya,Surabaya,10000,4.4,,863
223,"Palembang,Sumatera Selatan",20,20-30,35,2,Grand Indonesia Mall,Pusat Perbelanjaan,Jakarta,0,4.7,120,424
5,"Lampung,Sumatera Selatan",20,20-30,138,2,Jogja Exotarium,Taman Hiburan,Yogyakarta,20000,4.4,120,651
223,"Palembang,Sumatera Selatan",20,20-30,13,4,Pulau Pramuka,Bahari,Jakarta,5000,4.2,,369
217,"Lampung,Sumatera Selatan",20,20-30,132,1,Air Terjun Kedung Pedut,Cagar Alam,Yogyakarta,20000,4.5,60,632
5,"Lampung,Sumatera Selatan",20,20-30,115,3,Monumen Sanapati,Budaya,Yogyakarta,15000,4.3,,656
223,"Palembang,Sumatera Selatan",20,20-30,299,5,Sendang Geulis Kahuripan,Cagar Alam,Bandung,10000,4.3,120,515
217,"Lampung,Sumatera Selatan",20,20-30,165,1,Green Village Gedangsari,Taman Hiburan,Yogyakarta,2000,4.2,60,680
93,"Lampung,Sumatera Selatan",18,Dibawah 20,345,5,Kampoeng Djadhoel Semarang,Budaya,Semarang,10000,4.7,,617
93,"Lampung,Sumatera Selatan",18,Dibawah 20,426,5,Balai Kota Surabaya,Budaya,Surabaya,0,4.7,60,866
93,"Lampung,Sumatera Selatan",18,Dibawah 20,80,5,Plaza Indonesia,Pusat Perbelanjaan,Jakarta,0,4.7,120,240
93,"Lampung,Sumatera Selatan",18,Dibawah 20,49,4,Galeri Indonesia Kaya,Budaya,Jakarta,0,4.8,90,240
93,"Lampung,Sumatera Selatan",18,Dibawah 20,367,1,Wisata Lereng Kelir,Cagar Alam,Semarang,7000,4.3,,629
93,"Lampung,Sumatera Selatan",18,Dibawah 20,309,2,Observatorium Bosscha,Cagar Alam,Bandung,25000,4.5,,351
93,"Lampung,Sumatera Selatan",18,Dibawah 20,434,4,Taman Bungkul,Taman Hiburan,Surabaya,0,4.6,,866
93,"Lampung,Sumatera Selatan",18,Dibawah 20,81,1,Mall Thamrin City,Pusat Perbelanjaan,Jakarta,0,4.4,60,240
93,"Lampung,Sumatera Selatan",18,Dibawah 20,85,5,Taman Pintar Yogyakarta,Taman Hiburan,Yogyakarta,6000,4.5,120,656
93,"Lampung,Sumatera Selatan",18,Dibawah 20,341,5,Hutan Wisata Tinjomoyo Semarang,Cagar Alam,Semarang,3000,4.3,,617
93,"Lampung,Sumatera Selatan",18,Dibawah 20,306,4,Sungai Palayangan,Cagar Alam,Bandung,150000,4.6,,377
93,"Lampung,Sumatera Selatan",18,Dibawah 20,29,2,Wisata Kuliner Pecenongan,Pusat Perbelanjaan,Jakarta,0,5.0,,238
93,"Lampung,Sumatera Selatan",18,Dibawah 20,437,5,Gereja Perawan Maria Tak Berdosa Surabaya,Tempat Ibadah,Surabaya,10000,4.8,,864
93,"Lampung,Sumatera Selatan",18,Dibawah 20,200,2,Pantai Watu Kodok,Bahari,Yogyakarta,5000,4.6,,696
93,"Lampung,Sumatera Selatan",18,Dibawah 20,411,1,Masjid Muhammad Cheng Hoo,Tempat Ibadah,Surabaya,0,4.7,,865
93,"Lampung,Sumatera Selatan",18,Dibawah 20,37,5,Bumi Perkemahan Cibubur,Taman Hiburan,Jakarta,10000,4.5,,259
93,"Lampung,Sumatera Selatan",18,Dibawah 20,304,2,Situ Cileunca,Cagar Alam,Bandung,2500,4.4,,377
93,"Lampung,Sumatera Selatan",18,Dibawah 20,284,2,Pasar Baru,Pusat Perbelanjaan,Bandung,0,4.3,,358
93,"Lampung,Sumatera Selatan",18,Dibawah 20,207,1,Heha Sky View,Taman Hiburan,Yogyakarta,15000,4.4,120,669
93,"Lampung,Sumatera Selatan",18,Dibawah 20,260,3,Museum Pos Indonesia,Budaya,Bandung,0,4.5,,358
93,"Lampung,Sumatera Selatan",18,Dibawah 20,167,3,Geoforest Watu Payung Turunan,Cagar Alam,Yogyakarta,0,4.5,60,673
93,"Lampung,Sumatera Selatan",18,Dibawah 20,232,4,Bukit Moko,Cagar Alam,Bandung,25000,4.5,,357
93,"Lampung,Sumatera Selatan",18,Dibawah 20,187,3,Pantai Siung,Bahari,Yogyakarta,10000,4.6,,709
93,"Lampung,Sumatera Selatan",18,Dibawah 20,269,2,Bumi Perkemahan Batu Kuda,Cagar Alam,Bandung,7500,4.5,,366
93,"Lampung,Sumatera Selatan",18,Dibawah 20,349,5,Wisata Mangrove Tapak,Cagar Alam,Semarang,5000,4.3,90,609
93,"Lampung,Sumatera Selatan",18,Dibawah 20,131,3,Watu Lumbung,Cagar Alam,Yogyakarta,5000,4.3,30,664
93,"Lampung,Sumatera Selatan",18,Dibawah 20,143,3,Seribu Batu Songgo Langit,Cagar Alam,Yogyakarta,2000,4.6,90,670
93,"Lampung,Sumatera Selatan",18,Dibawah 20,17,3,Museum Fatahillah,Budaya,Jakarta,5000,4.4,,235
93,"Lampung,Sumatera Selatan",18,Dibawah 20,264,2,Gereja Katedral Santo Petrus Bandung,Tempat Ibadah,Bandung,0,4.8,,358
93,"Lampung,Sumatera Selatan",18,Dibawah 20,192,5,Air Terjun Sri Gethuk,Cagar Alam,Yogyakarta,15000,4.4,,676
93,"Lampung,Sumatera Selatan",18,Dibawah 20,411,1,Masjid Muhammad Cheng Hoo,Tempat Ibadah,Surabaya,0,4.7,,865
93,"Lampung,Sumatera Selatan",18,Dibawah 20,370,2,Benteng Pendem,Budaya,Semarang,5000,4.2,60,630
93,"Lampung,Sumatera Selatan",18,Dibawah 20,129,4,Bukit Lintang Sewu,Taman Hiburan,Yogyakarta,2000,4.5,60,670
93,"Lampung,Sumatera Selatan",18,Dibawah 20,329,4,Bukit Gantole Cililin,Cagar Alam,Bandung,0,4.4,45,351
93,"Lampung,Sumatera Selatan",18,Dibawah 20,358,4,Masjid Kapal Semarang,Tempat Ibadah,Semarang,0,4.1,,606
93,"Lampung,Sumatera Selatan",18,Dibawah 20,431,5,Taman Hiburan Rakyat,Taman Hiburan,Surabaya,5000,4.2,,866
93,"Lampung,Sumatera Selatan",18,Dibawah 20,15,2,Pasar Seni,Pusat Perbelanjaan,Jakarta,0,4.4,90,240
93,"Lampung,Sumatera Selatan",18,Dibawah 20,43,1,The Escape Hunt,Taman Hiburan,Jakarta,70000,4.4,120,245